-- MySQL dump 10.13  Distrib 8.0.23, for Win64 (x86_64)
--
-- Host: 127.0.0.1    Database: vk
-- ------------------------------------------------------
-- Server version	8.0.23-0ubuntu0.20.04.1

/*!40101 SET @OLD_CHARACTER_SET_CLIENT=@@CHARACTER_SET_CLIENT */;
/*!40101 SET @OLD_CHARACTER_SET_RESULTS=@@CHARACTER_SET_RESULTS */;
/*!40101 SET @OLD_COLLATION_CONNECTION=@@COLLATION_CONNECTION */;
/*!50503 SET NAMES utf8mb4 */;
/*!40103 SET @OLD_TIME_ZONE=@@TIME_ZONE */;
/*!40103 SET TIME_ZONE='+00:00' */;
/*!40014 SET @OLD_UNIQUE_CHECKS=@@UNIQUE_CHECKS, UNIQUE_CHECKS=0 */;
/*!40014 SET @OLD_FOREIGN_KEY_CHECKS=@@FOREIGN_KEY_CHECKS, FOREIGN_KEY_CHECKS=0 */;
/*!40101 SET @OLD_SQL_MODE=@@SQL_MODE, SQL_MODE='NO_AUTO_VALUE_ON_ZERO' */;
/*!40111 SET @OLD_SQL_NOTES=@@SQL_NOTES, SQL_NOTES=0 */;

--
-- Table structure for table `communities`
--

DROP TABLE IF EXISTS `communities`;
/*!40101 SET @saved_cs_client     = @@character_set_client */;
/*!50503 SET character_set_client = utf8mb4 */;
CREATE TABLE `communities` (
  `id` int unsigned NOT NULL AUTO_INCREMENT COMMENT 'Идентификатор сроки',
  `name` varchar(150) CHARACTER SET utf8mb4 COLLATE utf8mb4_unicode_ci NOT NULL COMMENT 'Название группы',
  `created_at` datetime DEFAULT CURRENT_TIMESTAMP COMMENT 'Время создания строки',
  `updated_at` datetime DEFAULT CURRENT_TIMESTAMP ON UPDATE CURRENT_TIMESTAMP COMMENT 'Время обновления строки',
  PRIMARY KEY (`id`),
  UNIQUE KEY `name` (`name`)
) ENGINE=InnoDB AUTO_INCREMENT=101 DEFAULT CHARSET=utf8mb4 COLLATE=utf8mb4_unicode_ci COMMENT='Группы';
/*!40101 SET character_set_client = @saved_cs_client */;

--
-- Dumping data for table `communities`
--

LOCK TABLES `communities` WRITE;
/*!40000 ALTER TABLE `communities` DISABLE KEYS */;
INSERT INTO `communities` VALUES (1,'ut','2013-06-15 03:45:25','2020-03-29 06:27:23'),(2,'tempora','2019-09-14 02:58:27','2014-07-22 10:17:43'),(3,'exercitationem','2013-12-13 14:39:26','2019-12-25 11:19:33'),(4,'amet','2016-11-19 14:02:42','2020-01-18 22:25:43'),(5,'aut','2018-05-22 06:48:23','2018-10-11 08:18:55'),(6,'est','2019-10-11 08:04:43','2014-05-20 10:37:46'),(7,'nihil','2014-04-17 10:49:47','2011-07-29 08:58:06'),(8,'veniam','2016-07-13 21:58:23','2012-03-18 12:34:24'),(9,'inventore','2018-07-24 00:14:34','2015-12-02 12:03:25'),(10,'quia','2020-02-18 06:06:54','2011-06-08 07:16:22');
/*!40000 ALTER TABLE `communities` ENABLE KEYS */;
UNLOCK TABLES;

--
-- Table structure for table `communities_users`
--

DROP TABLE IF EXISTS `communities_users`;
/*!40101 SET @saved_cs_client     = @@character_set_client */;
/*!50503 SET character_set_client = utf8mb4 */;
CREATE TABLE `communities_users` (
  `community_id` int unsigned NOT NULL COMMENT 'Ссылка на группу',
  `user_id` int unsigned NOT NULL COMMENT 'Ссылка на пользователя',
  `created_at` datetime DEFAULT CURRENT_TIMESTAMP COMMENT 'Время создания строки',
  PRIMARY KEY (`community_id`,`user_id`) COMMENT 'Составной первичный ключ'
) ENGINE=InnoDB DEFAULT CHARSET=utf8mb4 COLLATE=utf8mb4_unicode_ci COMMENT='Участники групп, связь между пользователями и группами';
/*!40101 SET character_set_client = @saved_cs_client */;

--
-- Dumping data for table `communities_users`
--

LOCK TABLES `communities_users` WRITE;
/*!40000 ALTER TABLE `communities_users` DISABLE KEYS */;
INSERT INTO `communities_users` VALUES (1,9,'2018-07-01 13:08:34'),(1,23,'2014-03-24 11:19:59'),(1,35,'2014-08-02 09:14:54'),(1,87,'2019-07-08 06:23:27'),(2,10,'2017-01-16 04:51:52'),(2,12,'2017-04-30 12:51:28'),(2,17,'2017-02-03 22:58:44'),(2,26,'2014-10-09 14:05:38'),(2,31,'2018-12-13 05:13:20'),(2,32,'2011-06-21 04:44:33'),(2,40,'2012-03-31 14:22:15'),(2,70,'2013-12-05 11:48:23'),(2,77,'2016-10-10 18:54:59'),(2,78,'2016-12-13 16:38:25'),(2,83,'2017-05-08 05:10:58'),(2,98,'2012-05-24 16:43:27'),(3,2,'2020-09-14 08:40:29'),(3,4,'2014-11-28 07:56:44'),(3,13,'2020-09-16 23:21:08'),(3,16,'2015-07-30 16:36:33'),(3,20,'2017-07-01 22:01:47'),(3,41,'2020-08-29 06:59:42'),(3,51,'2020-09-19 01:33:54'),(3,61,'2014-10-02 02:58:59'),(3,69,'2016-11-17 19:38:59'),(3,86,'2016-06-05 17:21:40'),(4,3,'2017-05-30 18:04:12'),(4,8,'2019-07-01 09:18:21'),(4,33,'2017-08-23 06:48:15'),(4,37,'2015-07-23 11:40:18'),(4,44,'2017-03-07 21:03:16'),(4,46,'2019-10-07 01:43:23'),(4,50,'2017-06-16 05:08:46'),(4,53,'2020-08-18 20:30:07'),(4,54,'2013-01-23 01:59:57'),(4,63,'2011-10-18 16:13:05'),(4,64,'2019-11-18 08:45:04'),(4,67,'2014-07-26 16:53:45'),(4,85,'2016-04-27 11:22:52'),(4,100,'2019-07-23 22:00:09'),(5,11,'2012-02-12 01:33:46'),(5,15,'2015-04-25 14:49:06'),(5,19,'2020-08-02 02:17:27'),(5,27,'2018-12-26 17:03:29'),(5,34,'2013-01-26 18:05:37'),(5,49,'2015-08-18 11:44:18'),(5,52,'2012-12-10 20:55:45'),(5,60,'2014-02-13 22:46:47'),(5,79,'2019-10-06 13:25:32'),(5,81,'2011-08-09 20:51:15'),(5,89,'2018-07-01 17:52:17'),(5,92,'2020-05-20 10:45:09'),(5,96,'2018-08-02 18:27:40'),(6,22,'2015-11-15 00:47:00'),(6,24,'2016-07-18 20:51:23'),(6,39,'2013-01-12 14:04:19'),(6,42,'2012-06-02 16:36:11'),(6,55,'2012-03-15 19:49:03'),(6,58,'2013-08-19 16:50:13'),(6,72,'2017-04-27 18:13:03'),(6,80,'2014-02-22 23:30:31'),(6,84,'2021-03-30 23:28:27'),(7,1,'2019-05-25 01:07:07'),(7,6,'2011-05-01 17:58:45'),(7,14,'2013-08-29 16:05:29'),(7,29,'2014-03-25 16:47:39'),(7,45,'2013-05-07 17:18:27'),(7,68,'2013-10-22 19:34:16'),(7,74,'2014-01-18 01:13:24'),(7,94,'2020-12-05 07:01:05'),(8,25,'2017-10-18 08:44:58'),(8,28,'2012-08-14 10:06:20'),(8,65,'2015-11-24 01:04:13'),(8,66,'2018-06-17 09:57:05'),(8,75,'2013-05-15 13:48:37'),(8,82,'2019-11-23 10:35:25'),(8,88,'2019-11-02 13:24:24'),(8,90,'2011-11-07 12:57:58'),(8,91,'2021-03-23 19:41:13'),(8,93,'2016-03-20 14:25:07'),(8,97,'2015-06-05 12:39:48'),(8,99,'2020-03-08 18:23:57'),(9,5,'2015-11-28 07:17:12'),(9,7,'2016-03-03 20:29:18'),(9,21,'2013-05-03 01:55:37'),(9,30,'2014-01-21 02:40:41'),(9,36,'2012-03-22 04:25:54'),(9,47,'2020-01-10 15:24:27'),(9,57,'2013-07-11 10:42:16'),(9,62,'2020-03-01 00:17:52'),(9,73,'2017-11-29 08:17:52'),(9,95,'2014-07-29 05:38:26'),(10,18,'2016-11-07 09:00:47'),(10,38,'2020-07-06 17:00:55'),(10,43,'2014-09-05 01:52:12'),(10,48,'2012-08-21 07:26:16'),(10,56,'2019-10-16 07:16:03'),(10,59,'2013-06-21 15:30:20'),(10,71,'2011-09-01 06:41:54'),(10,76,'2011-06-22 15:27:17');
/*!40000 ALTER TABLE `communities_users` ENABLE KEYS */;
UNLOCK TABLES;

--
-- Table structure for table `friendship`
--

DROP TABLE IF EXISTS `friendship`;
/*!40101 SET @saved_cs_client     = @@character_set_client */;
/*!50503 SET character_set_client = utf8mb4 */;
CREATE TABLE `friendship` (
  `user_id` int unsigned NOT NULL COMMENT 'Ссылка на инициатора дружеских отношений',
  `friend_id` int unsigned NOT NULL COMMENT 'Ссылка на получателя приглашения дружить',
  `friendship_status_id` int unsigned NOT NULL COMMENT 'Ссылка на статус (текущее состояние) отношений',
  `confirmed_at` datetime DEFAULT NULL COMMENT 'Время подтверждения приглашения',
  `created_at` datetime DEFAULT CURRENT_TIMESTAMP COMMENT 'Время создания строки',
  `updated_at` datetime DEFAULT CURRENT_TIMESTAMP ON UPDATE CURRENT_TIMESTAMP COMMENT 'Время обновления строки',
  PRIMARY KEY (`user_id`,`friend_id`) COMMENT 'Составной первичный ключ'
) ENGINE=InnoDB DEFAULT CHARSET=utf8mb4 COLLATE=utf8mb4_unicode_ci COMMENT='Таблица дружбы';
/*!40101 SET character_set_client = @saved_cs_client */;

--
-- Dumping data for table `friendship`
--

LOCK TABLES `friendship` WRITE;
/*!40000 ALTER TABLE `friendship` DISABLE KEYS */;
INSERT INTO `friendship` VALUES (1,57,1,'2017-01-28 08:38:38','2017-01-28 08:38:38','2021-04-29 18:11:41'),(2,49,2,'2020-11-28 08:03:01','2020-11-28 08:03:01','2021-04-29 18:11:41'),(3,74,3,'2018-10-18 13:48:10','2018-10-18 13:48:10','2021-04-29 18:11:41'),(4,20,1,'2016-09-24 14:14:00','2016-09-24 14:14:00','2021-04-29 18:11:41'),(5,81,1,'2013-09-25 11:44:48','2013-09-25 11:44:48','2021-04-29 18:11:41'),(6,43,3,'2016-12-19 17:17:39','2016-12-19 17:17:39','2021-04-29 18:11:41'),(7,72,3,'2012-01-07 18:12:23','2012-01-07 18:12:23','2021-04-29 18:11:41'),(8,31,3,'2014-04-01 16:13:21','2014-04-01 16:13:21','2021-04-29 18:11:41'),(9,39,2,'2011-08-04 16:09:52','2011-08-04 16:09:52','2021-04-29 18:11:41'),(10,3,2,'2012-02-16 09:26:01','2012-02-16 09:26:01','2021-04-29 18:11:41'),(11,96,2,'2017-08-18 05:14:53','2017-08-18 05:14:53','2021-04-29 18:11:41'),(12,69,1,'2011-11-03 10:20:13','2011-11-03 10:20:13','2021-04-29 18:11:41'),(13,56,3,'2011-08-21 13:59:54','2011-08-21 13:59:54','2021-04-29 18:11:41'),(14,76,1,'2016-04-16 00:09:45','2016-04-16 00:09:45','2021-04-29 18:11:41'),(15,8,2,'2021-02-06 10:07:07','2021-02-06 10:07:07','2021-04-29 18:11:41'),(16,14,3,'2016-10-25 15:59:07','2016-10-25 15:59:07','2021-04-29 18:11:41'),(17,46,2,'2016-02-23 19:07:17','2016-02-23 19:07:17','2021-04-29 18:11:41'),(18,88,1,'2016-07-23 01:16:08','2016-07-23 01:16:08','2021-04-29 18:11:41'),(19,1,3,'2019-12-18 02:04:58','2019-12-18 02:04:58','2021-04-29 18:11:41'),(20,40,3,'2015-05-02 16:56:09','2015-05-02 16:56:09','2021-04-29 18:11:41'),(21,98,2,'2018-08-30 12:21:36','2018-08-30 12:21:36','2021-04-29 18:11:41'),(22,68,3,'2015-03-09 09:53:44','2015-03-09 09:53:44','2021-04-29 18:11:41'),(23,47,3,'2014-03-13 19:41:44','2014-03-13 19:41:44','2021-04-29 18:11:41'),(24,30,2,'2016-03-09 19:07:05','2016-03-09 19:07:05','2021-04-29 18:11:41'),(25,6,3,'2011-10-02 07:53:02','2011-10-02 07:53:02','2021-04-29 18:11:41'),(26,42,3,'2018-10-31 04:32:06','2018-10-31 04:32:06','2021-04-29 18:11:41'),(27,91,1,'2020-07-18 15:52:39','2020-07-18 15:52:39','2021-04-29 18:11:41'),(28,27,1,'2015-02-09 21:23:05','2015-02-09 21:23:05','2021-04-29 18:11:41'),(29,63,2,'2013-10-16 17:37:14','2013-10-16 17:37:14','2021-04-29 18:11:41'),(30,35,1,'2015-11-02 05:30:06','2015-11-02 05:30:06','2021-04-29 18:11:41'),(31,85,1,'2015-06-11 09:12:24','2015-06-11 09:12:24','2021-04-29 18:11:41'),(32,19,3,'2018-01-21 16:00:48','2018-01-21 16:00:48','2021-04-29 18:11:41'),(33,40,2,'2015-03-27 14:17:10','2015-03-27 14:17:10','2021-04-29 18:11:41'),(34,41,1,'2019-01-20 11:25:27','2019-01-20 11:25:27','2021-04-29 18:11:41'),(35,87,1,'2021-02-07 12:49:06','2021-02-07 12:49:06','2021-04-29 18:11:41'),(36,12,2,'2018-05-09 18:36:13','2018-05-09 18:36:13','2021-04-29 18:11:41'),(37,95,1,'2018-03-16 03:02:09','2018-03-16 03:02:09','2021-04-29 18:11:41'),(38,41,3,'2014-12-05 22:46:05','2014-12-05 22:46:05','2021-04-29 18:11:41'),(39,20,1,'2011-06-01 23:04:42','2011-06-01 23:04:42','2021-04-29 18:11:41'),(40,75,3,'2013-05-28 04:14:20','2013-05-28 04:14:20','2021-04-29 18:11:41'),(41,13,2,'2016-10-16 04:21:15','2016-10-16 04:21:15','2021-04-29 18:11:41'),(42,41,1,'2012-03-28 06:03:19','2012-03-28 06:03:19','2021-04-29 18:11:41'),(43,65,3,'2017-08-19 22:49:48','2017-08-19 22:49:48','2021-04-29 18:11:41'),(44,3,2,'2020-10-02 15:10:26','2020-10-02 15:10:26','2021-04-29 18:11:41'),(45,20,2,'2017-04-30 01:32:06','2017-04-30 01:32:06','2021-04-29 18:11:41'),(46,88,2,'2012-03-18 15:44:57','2012-03-18 15:44:57','2021-04-29 18:11:41'),(47,82,1,'2018-04-24 21:22:20','2018-04-24 21:22:20','2021-04-29 18:11:41'),(48,45,1,'2012-09-21 04:46:13','2012-09-21 04:46:13','2021-04-29 18:11:41'),(49,78,2,'2011-11-10 19:42:19','2011-11-10 19:42:19','2021-04-29 18:11:41'),(50,57,1,'2012-10-27 18:36:45','2012-10-27 18:36:45','2021-04-29 18:11:41'),(51,47,3,'2011-07-21 21:05:04','2011-07-21 21:05:04','2021-04-29 18:11:41'),(52,66,3,'2012-04-23 21:18:02','2012-04-23 21:18:02','2021-04-29 18:11:41'),(53,88,2,'2012-12-17 18:54:56','2012-12-17 18:54:56','2021-04-29 18:11:41'),(54,41,1,'2018-12-01 13:54:29','2018-12-01 13:54:29','2021-04-29 18:11:41'),(55,39,1,'2014-09-17 12:20:30','2014-09-17 12:20:30','2021-04-29 18:11:41'),(56,72,2,'2016-05-02 11:03:17','2016-05-02 11:03:17','2021-04-29 18:11:41'),(57,42,1,'2018-02-02 05:53:24','2018-02-02 05:53:24','2021-04-29 18:11:41'),(58,96,1,'2017-05-28 01:18:23','2017-05-28 01:18:23','2021-04-29 18:11:41'),(59,51,1,'2016-01-13 15:31:59','2016-01-13 15:31:59','2021-04-29 18:11:41'),(60,68,1,'2021-02-28 13:14:24','2021-02-28 13:14:24','2021-04-29 18:11:41'),(61,85,3,'2018-04-01 14:11:11','2018-04-01 14:11:11','2021-04-29 18:11:41'),(62,20,2,'2015-06-04 20:59:33','2015-06-04 20:59:33','2021-04-29 18:11:41'),(63,44,3,'2015-09-21 12:38:21','2015-09-21 12:38:21','2021-04-29 18:11:41'),(64,60,2,'2017-05-06 09:32:00','2017-05-06 09:32:00','2021-04-29 18:11:41'),(65,68,3,'2020-11-15 14:39:57','2020-11-15 14:39:57','2021-04-29 18:11:41'),(66,60,2,'2021-03-03 20:51:27','2021-03-03 20:51:27','2021-04-29 18:11:41'),(67,94,2,'2011-05-27 08:13:43','2011-05-27 08:13:43','2021-04-29 18:11:41'),(68,91,1,'2017-03-27 03:06:19','2017-03-27 03:06:19','2021-04-29 18:11:41'),(69,70,3,'2015-06-09 11:31:40','2015-06-09 11:31:40','2021-04-29 18:11:41'),(70,78,2,'2016-01-22 09:48:11','2016-01-22 09:48:11','2021-04-29 18:11:41'),(71,78,1,'2018-02-19 22:16:39','2018-02-19 22:16:39','2021-04-29 18:11:41'),(72,54,2,'2017-01-16 15:49:23','2017-01-16 15:49:23','2021-04-29 18:11:41'),(73,39,3,'2016-03-04 19:30:37','2016-03-04 19:30:37','2021-04-29 18:11:41'),(74,30,2,'2017-05-23 01:25:29','2017-05-23 01:25:29','2021-04-29 18:11:41'),(75,33,2,'2017-10-04 08:17:06','2017-10-04 08:17:06','2021-04-29 18:11:41'),(76,76,3,'2019-03-09 16:00:57','2019-03-09 16:00:57','2021-04-29 18:11:41'),(77,78,2,'2013-05-15 17:35:32','2013-05-15 17:35:32','2021-04-29 18:11:41'),(78,64,3,'2013-07-08 15:26:26','2013-07-08 15:26:26','2021-04-29 18:11:41'),(79,85,2,'2017-11-04 04:17:48','2017-11-04 04:17:48','2021-04-29 18:11:41'),(80,31,3,'2013-06-10 08:15:51','2013-06-10 08:15:51','2021-04-29 18:11:41'),(81,99,2,'2018-11-30 22:44:41','2018-11-30 22:44:41','2021-04-29 18:11:41'),(82,2,1,'2020-12-26 06:13:54','2020-12-26 06:13:54','2021-04-29 18:11:41'),(83,14,1,'2017-06-21 17:22:43','2017-06-21 17:22:43','2021-04-29 18:11:41'),(84,64,3,'2020-06-11 04:34:16','2020-06-11 04:34:16','2021-04-29 18:11:41'),(85,79,2,'2019-02-13 12:34:52','2019-02-13 12:34:52','2021-04-29 18:11:41'),(86,99,2,'2018-01-23 09:06:08','2018-01-23 09:06:08','2021-04-29 18:11:41'),(87,58,3,'2017-12-11 18:22:57','2017-12-11 18:22:57','2021-04-29 18:11:41'),(88,95,1,'2020-06-01 09:32:45','2020-06-01 09:32:45','2021-04-29 18:11:41'),(89,99,1,'2019-06-25 11:28:42','2019-06-25 11:28:42','2021-04-29 18:11:41'),(90,11,2,'2021-04-09 01:27:27','2021-04-09 01:27:27','2021-04-29 18:11:41'),(91,56,1,'2013-07-24 19:07:31','2013-07-24 19:07:31','2021-04-29 18:11:41'),(92,45,2,'2021-02-08 08:06:56','2021-02-08 08:06:56','2021-04-29 18:11:41'),(93,57,2,'2014-09-11 15:27:07','2014-09-11 15:27:07','2021-04-29 18:11:41'),(94,48,2,'2013-12-04 23:15:04','2013-12-04 23:15:04','2021-04-29 18:11:41'),(95,72,2,'2013-05-30 04:29:04','2013-05-30 04:29:04','2021-04-29 18:11:41'),(96,14,3,'2013-07-20 20:53:17','2013-07-20 20:53:17','2021-04-29 18:11:41'),(97,53,3,'2016-02-26 11:27:46','2016-02-26 11:27:46','2021-04-29 18:11:41'),(98,21,2,'2013-12-23 23:18:01','2013-12-23 23:18:01','2021-04-29 18:11:41'),(99,47,3,'2018-12-01 08:52:43','2018-12-01 08:52:43','2021-04-29 18:11:41'),(100,70,1,'2012-09-05 04:49:27','2012-09-05 04:49:27','2021-04-29 18:11:41');
/*!40000 ALTER TABLE `friendship` ENABLE KEYS */;
UNLOCK TABLES;

--
-- Table structure for table `friendship_statuses`
--

DROP TABLE IF EXISTS `friendship_statuses`;
/*!40101 SET @saved_cs_client     = @@character_set_client */;
/*!50503 SET character_set_client = utf8mb4 */;
CREATE TABLE `friendship_statuses` (
  `id` int unsigned NOT NULL AUTO_INCREMENT COMMENT 'Идентификатор строки',
  `name` varchar(150) CHARACTER SET utf8mb4 COLLATE utf8mb4_unicode_ci NOT NULL COMMENT 'Название статуса',
  `created_at` datetime DEFAULT CURRENT_TIMESTAMP COMMENT 'Время создания строки',
  `updated_at` datetime DEFAULT CURRENT_TIMESTAMP ON UPDATE CURRENT_TIMESTAMP COMMENT 'Время обновления строки',
  PRIMARY KEY (`id`),
  UNIQUE KEY `name` (`name`)
) ENGINE=InnoDB AUTO_INCREMENT=6 DEFAULT CHARSET=utf8mb4 COLLATE=utf8mb4_unicode_ci COMMENT='Статусы дружбы';
/*!40101 SET character_set_client = @saved_cs_client */;

--
-- Dumping data for table `friendship_statuses`
--

LOCK TABLES `friendship_statuses` WRITE;
/*!40000 ALTER TABLE `friendship_statuses` DISABLE KEYS */;
INSERT INTO `friendship_statuses` VALUES (1,'Requested','2017-01-01 06:43:18','2021-04-29 16:47:42'),(2,'Confrimed','2017-06-23 14:29:15','2021-04-29 17:22:06'),(3,'Rejected','2013-03-23 14:25:05','2021-04-29 17:22:46');
/*!40000 ALTER TABLE `friendship_statuses` ENABLE KEYS */;
UNLOCK TABLES;

--
-- Table structure for table `media`
--

DROP TABLE IF EXISTS `media`;
/*!40101 SET @saved_cs_client     = @@character_set_client */;
/*!50503 SET character_set_client = utf8mb4 */;
CREATE TABLE `media` (
  `id` int unsigned NOT NULL AUTO_INCREMENT COMMENT 'Идентификатор строки',
  `user_id` int unsigned NOT NULL COMMENT 'Ссылка на пользователя, который загрузил файл',
  `filename` varchar(255) CHARACTER SET utf8mb4 COLLATE utf8mb4_unicode_ci NOT NULL COMMENT 'Путь к файлу',
  `size` int NOT NULL COMMENT 'Размер файла',
  `metadata` json DEFAULT NULL,
  `media_type_id` int unsigned NOT NULL COMMENT 'Ссылка на тип контента',
  `created_at` datetime DEFAULT CURRENT_TIMESTAMP COMMENT 'Время создания строки',
  `updated_at` datetime DEFAULT CURRENT_TIMESTAMP ON UPDATE CURRENT_TIMESTAMP COMMENT 'Время обновления строки',
  PRIMARY KEY (`id`),
  CONSTRAINT `media_chk_1` CHECK (json_valid(`metadata`))
) ENGINE=InnoDB AUTO_INCREMENT=101 DEFAULT CHARSET=utf8mb4 COLLATE=utf8mb4_unicode_ci COMMENT='Медиафайлы';
/*!40101 SET character_set_client = @saved_cs_client */;

--
-- Dumping data for table `media`
--

LOCK TABLES `media` WRITE;
/*!40000 ALTER TABLE `media` DISABLE KEYS */;
INSERT INTO `media` VALUES (1,1,'http://dropbox.net/vk/et.jpeg',2130761,'{\"owner\": \"Alex Lynch\"}',2,'2019-04-15 03:39:07','2021-04-29 16:33:42'),(2,2,'http://dropbox.net/vk/dolorem.avi',367933,'{\"owner\": \"Rod Zulauf\"}',1,'2013-06-12 05:30:19','2021-04-29 16:33:42'),(3,3,'http://dropbox.net/vk/magni.avi',515658206,'{\"owner\": \"Freeda Towne\"}',3,'2017-05-28 14:28:50','2021-04-29 15:56:19'),(4,4,'http://dropbox.net/vk/qui.mp3',89056060,'{\"owner\": \"Zetta Bogisich\"}',2,'2017-01-13 00:08:33','2021-04-29 16:33:42'),(5,5,'http://dropbox.net/vk/quo.mp3',32731598,'{\"owner\": \"Magnolia Leannon\"}',2,'2016-09-29 22:13:08','2021-04-29 16:33:42'),(6,6,'http://dropbox.net/vk/consectetur.jpeg',612547,'{\"owner\": \"Kobe Ullrich\"}',3,'2017-01-11 03:22:06','2021-04-29 16:33:42'),(7,7,'http://dropbox.net/vk/ut.mp4',8699058,'{\"owner\": \"Kale Cummings\"}',3,'2020-01-30 00:35:58','2021-04-29 16:33:42'),(8,8,'http://dropbox.net/vk/optio.mp4',7093010,'{\"owner\": \"Sierra Wolf\"}',3,'2014-04-02 12:02:41','2021-04-29 16:33:42'),(9,9,'http://dropbox.net/vk/velit.mp3',99330804,'{\"owner\": \"Beth Stehr\"}',2,'2017-08-05 18:48:37','2021-04-29 16:33:42'),(10,10,'http://dropbox.net/vk/earum.mp3',426401319,'{\"owner\": \"Kamille Langworth\"}',2,'2017-11-12 13:27:14','2021-04-29 16:33:42'),(11,11,'http://dropbox.net/vk/quae.mp4',9357877,'{\"owner\": \"Royce Purdy\"}',1,'2018-05-10 22:10:51','2021-04-29 16:33:42'),(12,12,'http://dropbox.net/vk/nesciunt.avi',940119,'{\"owner\": \"Marta Mills\"}',1,'2014-09-06 23:50:51','2021-04-29 16:33:42'),(13,13,'http://dropbox.net/vk/velit.jpeg',461718,'{\"owner\": \"May Nitzsche\"}',1,'2018-12-06 08:36:09','2021-04-29 16:33:42'),(14,14,'http://dropbox.net/vk/minima.mp4',5500357,'{\"owner\": \"Irma Franecki\"}',1,'2020-12-31 18:35:16','2021-04-29 16:33:42'),(15,15,'http://dropbox.net/vk/magni.avi',511094,'{\"owner\": \"Ebba Streich\"}',3,'2020-08-31 13:09:07','2021-04-29 16:33:42'),(16,16,'http://dropbox.net/vk/labore.png',9418154,'{\"owner\": \"Moriah Koepp\"}',1,'2012-11-13 22:45:50','2021-04-29 16:33:42'),(17,17,'http://dropbox.net/vk/in.png',579698,'{\"owner\": \"Pierre West\"}',1,'2019-10-27 18:53:49','2021-04-29 16:33:42'),(18,18,'http://dropbox.net/vk/a.mp3',4634032,'{\"owner\": \"Libby Klocko\"}',2,'2013-11-22 20:51:52','2021-04-29 16:33:42'),(19,19,'http://dropbox.net/vk/est.png',16283396,'{\"owner\": \"Flossie Powlowski\"}',1,'2014-04-28 10:52:15','2021-04-29 16:33:42'),(20,20,'http://dropbox.net/vk/eos.jpeg',1421065,'{\"owner\": \"Alize Wolf\"}',1,'2014-03-29 17:50:46','2021-04-29 16:33:42'),(21,21,'http://dropbox.net/vk/nemo.png',3193231,'{\"owner\": \"Eloise Bode\"}',1,'2014-01-18 03:59:03','2021-04-29 16:33:42'),(22,22,'http://dropbox.net/vk/aliquid.mp3',86400,'{\"owner\": \"Evangeline O\'Kon\"}',2,'2012-07-27 19:41:16','2021-04-29 16:33:42'),(23,23,'http://dropbox.net/vk/illo.png',1692960,'{\"owner\": \"Lucile Beahan\"}',2,'2015-10-23 14:23:28','2021-04-29 16:33:42'),(24,24,'http://dropbox.net/vk/asperiores.mp4',8875107,'{\"owner\": \"Kiley Bogisich\"}',1,'2011-08-14 16:46:31','2021-04-29 16:33:42'),(25,25,'http://dropbox.net/vk/non.mp4',9286657,'{\"owner\": \"Ashton McLaughlin\"}',2,'2014-09-04 13:55:42','2021-04-29 16:33:42'),(26,26,'http://dropbox.net/vk/facilis.mp3',3338169,'{\"owner\": \"Charity Windler\"}',2,'2018-11-25 21:19:23','2021-04-29 16:33:42'),(27,27,'http://dropbox.net/vk/magnam.png',1771721,'{\"owner\": \"Kenton Konopelski\"}',2,'2016-02-09 16:15:18','2021-04-29 16:33:42'),(28,28,'http://dropbox.net/vk/aperiam.jpeg',9025686,'{\"owner\": \"Billy Boyle\"}',3,'2020-12-22 04:43:51','2021-04-29 16:33:42'),(29,29,'http://dropbox.net/vk/voluptate.mp3',9797964,'{\"owner\": \"Montana Brown\"}',1,'2013-02-08 09:27:14','2021-04-29 16:33:42'),(30,30,'http://dropbox.net/vk/impedit.mp3',1119848,'{\"owner\": \"Hildegard Ratke\"}',3,'2014-11-21 16:32:09','2021-04-29 16:33:42'),(31,31,'http://dropbox.net/vk/quia.png',65592,'{\"owner\": \"Bartholome Conroy\"}',1,'2011-08-25 03:34:13','2021-04-29 16:33:42'),(32,32,'http://dropbox.net/vk/alias.avi',314619,'{\"owner\": \"Kiana Douglas\"}',3,'2018-07-11 02:54:07','2021-04-29 16:33:42'),(33,33,'http://dropbox.net/vk/accusamus.mp4',6195352,'{\"owner\": \"Orpha Schroeder\"}',2,'2021-04-12 16:16:24','2021-04-29 16:33:42'),(34,34,'http://dropbox.net/vk/est.avi',57424,'{\"owner\": \"Vivien Von\"}',3,'2017-09-09 06:04:56','2021-04-29 16:33:42'),(35,35,'http://dropbox.net/vk/inventore.avi',96729934,'{\"owner\": \"Derick Wehner\"}',2,'2021-04-17 12:50:23','2021-04-29 16:33:42'),(36,36,'http://dropbox.net/vk/id.png',43720,'{\"owner\": \"Abdiel Miller\"}',2,'2021-04-04 20:48:19','2021-04-29 16:33:42'),(37,37,'http://dropbox.net/vk/molestiae.mp3',39743,'{\"owner\": \"Kailey Wehner\"}',2,'2014-06-12 17:19:25','2021-04-29 16:33:42'),(38,38,'http://dropbox.net/vk/id.avi',7607215,'{\"owner\": \"Antoinette Green\"}',2,'2013-06-26 14:31:32','2021-04-29 16:33:42'),(39,39,'http://dropbox.net/vk/nihil.avi',40331868,'{\"owner\": \"Damion Windler\"}',2,'2018-01-12 18:36:01','2021-04-29 16:33:42'),(40,40,'http://dropbox.net/vk/et.mp3',9440019,'{\"owner\": \"Lorine Howell\"}',1,'2019-10-12 21:32:04','2021-04-29 16:33:42'),(41,41,'http://dropbox.net/vk/neque.png',4368451,'{\"owner\": \"Tomas Anderson\"}',2,'2012-07-11 12:39:17','2021-04-29 16:33:42'),(42,42,'http://dropbox.net/vk/maxime.mp4',85048314,'{\"owner\": \"Heath Ryan\"}',2,'2011-09-07 06:25:34','2021-04-29 16:33:42'),(43,43,'http://dropbox.net/vk/consectetur.mp3',3512200,'{\"owner\": \"Braulio Beatty\"}',3,'2017-12-06 23:08:05','2021-04-29 16:33:42'),(44,44,'http://dropbox.net/vk/laboriosam.mp3',4445645,'{\"owner\": \"Jess Baumbach\"}',1,'2015-11-09 12:38:45','2021-04-29 16:33:42'),(45,45,'http://dropbox.net/vk/aut.png',1681629,'{\"owner\": \"Holly Kirlin\"}',3,'2015-12-29 07:00:06','2021-04-29 16:33:42'),(46,46,'http://dropbox.net/vk/dolores.png',2175234,'{\"owner\": \"Art Block\"}',2,'2020-09-22 00:46:31','2021-04-29 16:33:42'),(47,47,'http://dropbox.net/vk/et.jpeg',5061210,'{\"owner\": \"Lincoln Schinner\"}',3,'2012-03-25 04:00:55','2021-04-29 16:33:42'),(48,48,'http://dropbox.net/vk/consequatur.mp4',251163,'{\"owner\": \"Mitchel Renner\"}',3,'2019-03-18 22:10:59','2021-04-29 16:33:42'),(49,49,'http://dropbox.net/vk/cum.mp4',6062186,'{\"owner\": \"Sedrick Howe\"}',1,'2014-08-07 10:13:40','2021-04-29 16:33:42'),(50,50,'http://dropbox.net/vk/itaque.png',84807,'{\"owner\": \"Makenna Yost\"}',2,'2017-05-18 22:43:46','2021-04-29 16:33:42'),(51,51,'http://dropbox.net/vk/neque.avi',9547441,'{\"owner\": \"Marcia Lang\"}',1,'2019-07-18 18:31:53','2021-04-29 16:33:42'),(52,52,'http://dropbox.net/vk/perferendis.avi',9540647,'{\"owner\": \"Bertrand Schaden\"}',3,'2014-04-29 08:09:36','2021-04-29 16:33:42'),(53,53,'http://dropbox.net/vk/corporis.mp3',9050912,'{\"owner\": \"Benjamin Hessel\"}',3,'2014-05-03 11:56:37','2021-04-29 16:33:42'),(54,54,'http://dropbox.net/vk/inventore.avi',498495,'{\"owner\": \"Josie Cassin\"}',1,'2015-08-05 21:42:33','2021-04-29 16:33:42'),(55,55,'http://dropbox.net/vk/explicabo.png',445827,'{\"owner\": \"Marco Walter\"}',3,'2016-08-14 21:50:20','2021-04-29 16:33:42'),(56,56,'http://dropbox.net/vk/voluptatem.mp4',6622623,'{\"owner\": \"Amiya Simonis\"}',3,'2020-09-24 01:27:13','2021-04-29 16:33:42'),(57,57,'http://dropbox.net/vk/inventore.png',5950378,'{\"owner\": \"Laney Rogahn\"}',3,'2013-11-25 01:04:06','2021-04-29 16:33:42'),(58,58,'http://dropbox.net/vk/quo.jpeg',497292849,'{\"owner\": \"Geraldine Lehner\"}',3,'2019-04-13 23:58:33','2021-04-29 16:33:42'),(59,59,'http://dropbox.net/vk/itaque.avi',21248,'{\"owner\": \"Charity Bailey\"}',3,'2012-08-07 10:51:26','2021-04-29 16:33:42'),(60,60,'http://dropbox.net/vk/iusto.png',98714,'{\"owner\": \"Reed Hoeger\"}',1,'2013-03-10 15:18:56','2021-04-29 16:33:42'),(61,61,'http://dropbox.net/vk/doloribus.mp4',9874020,'{\"owner\": \"Kaylee Cormier\"}',3,'2012-05-25 07:45:42','2021-04-29 16:33:42'),(62,62,'http://dropbox.net/vk/voluptas.png',1508968,'{\"owner\": \"Jarred Kshlerin\"}',2,'2011-07-13 09:22:20','2021-04-29 16:33:42'),(63,63,'http://dropbox.net/vk/dolorem.avi',36410526,'{\"owner\": \"Ayana Greenholt\"}',1,'2015-09-01 01:16:08','2021-04-29 16:33:42'),(64,64,'http://dropbox.net/vk/totam.mp3',575043,'{\"owner\": \"Arnold Fritsch\"}',2,'2011-06-23 05:46:57','2021-04-29 16:33:42'),(65,65,'http://dropbox.net/vk/facere.png',41387,'{\"owner\": \"Alford Ankunding\"}',2,'2020-10-18 21:03:22','2021-04-29 16:33:42'),(66,66,'http://dropbox.net/vk/et.avi',7912783,'{\"owner\": \"Braulio Hessel\"}',1,'2018-12-19 13:56:22','2021-04-29 16:33:42'),(67,67,'http://dropbox.net/vk/soluta.mp4',808301,'{\"owner\": \"Euna Keeling\"}',2,'2011-07-06 08:48:38','2021-04-29 16:33:42'),(68,68,'http://dropbox.net/vk/voluptatem.avi',889112,'{\"owner\": \"Talia Predovic\"}',3,'2020-10-15 23:17:46','2021-04-29 16:33:42'),(69,69,'http://dropbox.net/vk/voluptas.jpeg',5027009,'{\"owner\": \"Florine Hegmann\"}',3,'2016-01-04 01:33:35','2021-04-29 16:33:42'),(70,70,'http://dropbox.net/vk/sint.png',6995953,'{\"owner\": \"Dario O\'Connell\"}',1,'2016-06-06 08:51:38','2021-04-29 16:33:42'),(71,71,'http://dropbox.net/vk/autem.jpeg',35529146,'{\"owner\": \"Janet Cummings\"}',3,'2018-06-25 00:37:34','2021-04-29 16:33:42'),(72,72,'http://dropbox.net/vk/accusamus.png',254304275,'{\"owner\": \"Rowena Koch\"}',2,'2020-12-03 11:30:56','2021-04-29 16:33:42'),(73,73,'http://dropbox.net/vk/quisquam.mp4',624341311,'{\"owner\": \"Evangeline Ryan\"}',3,'2016-09-26 01:23:54','2021-04-29 16:33:42'),(74,74,'http://dropbox.net/vk/sed.mp3',1386696,'{\"owner\": \"Ciara Kiehn\"}',1,'2014-08-02 04:04:13','2021-04-29 16:33:42'),(75,75,'http://dropbox.net/vk/minus.mp4',2332705,'{\"owner\": \"Jany Nitzsche\"}',1,'2013-04-22 10:36:13','2021-04-29 16:33:42'),(76,76,'http://dropbox.net/vk/itaque.png',7973337,'{\"owner\": \"Ozella Muller\"}',2,'2017-12-15 03:02:52','2021-04-29 16:33:42'),(77,77,'http://dropbox.net/vk/tenetur.mp4',1842456,'{\"owner\": \"Noel Jacobs\"}',2,'2015-05-18 05:17:16','2021-04-29 16:33:42'),(78,78,'http://dropbox.net/vk/cupiditate.png',5042191,'{\"owner\": \"Vern Lynch\"}',2,'2012-09-11 09:48:57','2021-04-29 16:33:42'),(79,79,'http://dropbox.net/vk/error.mp3',855100,'{\"owner\": \"Alvena Heidenreich\"}',3,'2016-11-03 09:44:50','2021-04-29 16:33:42'),(80,80,'http://dropbox.net/vk/ipsum.avi',9673587,'{\"owner\": \"Otilia Blick\"}',1,'2017-06-12 17:01:24','2021-04-29 16:33:42'),(81,81,'http://dropbox.net/vk/vitae.jpeg',3231362,'{\"owner\": \"Lila Corwin\"}',2,'2014-11-20 14:06:20','2021-04-29 16:33:42'),(82,82,'http://dropbox.net/vk/quos.jpeg',7126053,'{\"owner\": \"Tess Feest\"}',3,'2012-02-16 03:23:47','2021-04-29 16:33:42'),(83,83,'http://dropbox.net/vk/magni.avi',5926177,'{\"owner\": \"Reggie Hamill\"}',1,'2015-09-08 18:38:05','2021-04-29 16:33:42'),(84,84,'http://dropbox.net/vk/sit.avi',1535028,'{\"owner\": \"Alayna Baumbach\"}',3,'2019-04-16 04:59:01','2021-04-29 16:33:42'),(85,85,'http://dropbox.net/vk/praesentium.png',129508,'{\"owner\": \"Delfina Orn\"}',1,'2016-05-23 21:05:31','2021-04-29 16:33:42'),(86,86,'http://dropbox.net/vk/ipsam.avi',8242727,'{\"owner\": \"Harry Sipes\"}',3,'2017-02-08 05:44:13','2021-04-29 16:33:42'),(87,87,'http://dropbox.net/vk/hic.mp3',2986885,'{\"owner\": \"Arely Ortiz\"}',3,'2017-08-05 09:50:51','2021-04-29 16:33:42'),(88,88,'http://dropbox.net/vk/odit.avi',48673,'{\"owner\": \"Shaina Harris\"}',1,'2018-08-09 01:23:39','2021-04-29 16:33:42'),(89,89,'http://dropbox.net/vk/placeat.avi',95490009,'{\"owner\": \"Eula Roob\"}',3,'2016-01-31 18:59:50','2021-04-29 16:33:42'),(90,90,'http://dropbox.net/vk/porro.mp3',3425104,'{\"owner\": \"Emerald Beahan\"}',2,'2012-08-14 20:44:39','2021-04-29 16:33:42'),(91,91,'http://dropbox.net/vk/sit.jpeg',2387341,'{\"owner\": \"Rhea Kautzer\"}',2,'2012-04-04 23:04:48','2021-04-29 16:33:42'),(92,92,'http://dropbox.net/vk/quis.jpeg',656712,'{\"owner\": \"Annabell O\'Hara\"}',3,'2012-05-10 18:40:10','2021-04-29 16:33:42'),(93,93,'http://dropbox.net/vk/molestias.mp3',545942,'{\"owner\": \"Brody Harber\"}',3,'2011-10-27 09:22:06','2021-04-29 16:33:42'),(94,94,'http://dropbox.net/vk/nam.png',1651394,'{\"owner\": \"Dexter Jacobi\"}',1,'2014-04-05 03:35:10','2021-04-29 16:33:42'),(95,95,'http://dropbox.net/vk/consequuntur.png',465117,'{\"owner\": \"Lucas Gutkowski\"}',1,'2012-05-09 05:33:26','2021-04-29 16:33:42'),(96,96,'http://dropbox.net/vk/quo.mp4',1084948,'{\"owner\": \"Rey Kertzmann\"}',2,'2017-05-13 08:09:09','2021-04-29 16:33:42'),(97,97,'http://dropbox.net/vk/cumque.avi',460559,'{\"owner\": \"Alvis Kovacek\"}',3,'2013-09-11 05:52:25','2021-04-29 16:33:42'),(98,98,'http://dropbox.net/vk/velit.mp3',9037951,'{\"owner\": \"Marco Wyman\"}',1,'2014-07-13 20:57:58','2021-04-29 16:33:42'),(99,99,'http://dropbox.net/vk/qui.avi',495825923,'{\"owner\": \"Rebecca Frami\"}',3,'2020-04-13 14:01:58','2021-04-29 16:33:42'),(100,100,'http://dropbox.net/vk/nemo.png',83993,'{\"owner\": \"Neva Schamberger\"}',2,'2012-06-10 13:40:53','2021-04-29 16:33:42');
/*!40000 ALTER TABLE `media` ENABLE KEYS */;
UNLOCK TABLES;

--
-- Table structure for table `media_types`
--

DROP TABLE IF EXISTS `media_types`;
/*!40101 SET @saved_cs_client     = @@character_set_client */;
/*!50503 SET character_set_client = utf8mb4 */;
CREATE TABLE `media_types` (
  `id` int unsigned NOT NULL AUTO_INCREMENT COMMENT 'Идентификатор строки',
  `name` varchar(255) CHARACTER SET utf8mb4 COLLATE utf8mb4_unicode_ci NOT NULL COMMENT 'Название типа',
  `created_at` datetime DEFAULT CURRENT_TIMESTAMP COMMENT 'Время создания строки',
  `updated_at` datetime DEFAULT CURRENT_TIMESTAMP ON UPDATE CURRENT_TIMESTAMP COMMENT 'Время обновления строки',
  PRIMARY KEY (`id`),
  UNIQUE KEY `name` (`name`)
) ENGINE=InnoDB AUTO_INCREMENT=4 DEFAULT CHARSET=utf8mb4 COLLATE=utf8mb4_unicode_ci COMMENT='Типы медиафайлов';
/*!40101 SET character_set_client = @saved_cs_client */;

--
-- Dumping data for table `media_types`
--

LOCK TABLES `media_types` WRITE;
/*!40000 ALTER TABLE `media_types` DISABLE KEYS */;
INSERT INTO `media_types` VALUES (1,'photo','2021-04-29 16:28:02','2021-04-29 16:28:02'),(2,'video','2021-04-29 16:28:02','2021-04-29 16:28:02'),(3,'audio','2021-04-29 16:28:02','2021-04-29 16:28:02');
/*!40000 ALTER TABLE `media_types` ENABLE KEYS */;
UNLOCK TABLES;

--
-- Table structure for table `messages`
--

DROP TABLE IF EXISTS `messages`;
/*!40101 SET @saved_cs_client     = @@character_set_client */;
/*!50503 SET character_set_client = utf8mb4 */;
CREATE TABLE `messages` (
  `id` int unsigned NOT NULL AUTO_INCREMENT COMMENT 'Идентификатор строки',
  `from_user_id` int unsigned NOT NULL COMMENT 'Ссылка на отправителя сообщения',
  `to_user_id` int unsigned NOT NULL COMMENT 'Ссылка на получателя сообщения',
  `body` text CHARACTER SET utf8mb4 COLLATE utf8mb4_unicode_ci NOT NULL COMMENT 'Текст сообщения',
  `is_important` tinyint(1) DEFAULT NULL COMMENT 'Признак важности',
  `is_delivered` tinyint(1) DEFAULT NULL COMMENT 'Признак доставки',
  `created_at` datetime DEFAULT CURRENT_TIMESTAMP COMMENT 'Время создания строки',
  PRIMARY KEY (`id`)
) ENGINE=InnoDB AUTO_INCREMENT=101 DEFAULT CHARSET=utf8mb4 COLLATE=utf8mb4_unicode_ci COMMENT='Сообщения';
/*!40101 SET character_set_client = @saved_cs_client */;

--
-- Dumping data for table `messages`
--

LOCK TABLES `messages` WRITE;
/*!40000 ALTER TABLE `messages` DISABLE KEYS */;
INSERT INTO `messages` VALUES (1,18,14,'Vero excepturi provident et dolorem sint. Eos debitis ipsam tenetur eos. Repellendus maxime nostrum dolor ut. Praesentium aut pariatur vitae ea.',0,0,'2013-04-04 20:55:45'),(2,15,35,'Impedit qui est et molestias laborum. Explicabo suscipit maxime rerum unde. Est ut sit adipisci.',1,0,'2020-04-03 20:14:04'),(3,30,43,'Reiciendis aliquid ut dolorum dolores sit incidunt. Et qui unde itaque ut magnam. Impedit ex asperiores dolore molestiae. Ut nostrum molestiae dolor aut delectus ut.',0,1,'2019-07-06 10:48:01'),(4,23,89,'Eligendi non velit ut eligendi eos ut sint. Quo qui inventore corporis nisi autem est. Fugiat qui cum praesentium. Similique voluptatibus non voluptatem cupiditate.',1,0,'2012-12-12 18:01:01'),(5,72,96,'Voluptas officiis sit tempore quia doloribus id blanditiis aspernatur. Sed laboriosam tenetur sapiente aperiam. Ullam consequatur non in incidunt. Est et consequuntur esse quas modi sit non.',1,0,'2011-08-23 06:06:50'),(6,60,14,'Omnis eligendi architecto dolorem omnis. Consectetur esse omnis voluptatem reiciendis. Sit ad ut sint quia nam consequatur.',0,0,'2017-07-04 23:01:50'),(7,90,7,'Officia perspiciatis dolorem et enim repellendus. Saepe et velit vel dolores sunt. Laudantium dignissimos exercitationem blanditiis similique. Aliquid ipsa magni quod harum voluptas eos.',0,0,'2013-08-20 08:55:26'),(8,63,93,'Maiores magni quod sint eum ullam facere. Itaque dicta mollitia quo veritatis reprehenderit laboriosam quas. Sed nisi pariatur unde repellat. Commodi minima corrupti nobis totam ut officiis.',1,1,'2013-05-12 08:07:36'),(9,78,11,'Eveniet dolores illo reprehenderit ullam. Consectetur rerum autem illo molestias aperiam. Voluptas necessitatibus nostrum natus odio aspernatur impedit ut voluptatem.',0,0,'2015-09-04 19:14:40'),(10,21,72,'Maxime qui ut exercitationem maxime excepturi. Odit quam excepturi eveniet commodi eum. Quod sunt repellat et libero sint similique aut.',1,1,'2020-05-17 16:14:20'),(11,94,55,'Autem reprehenderit nostrum beatae aut incidunt rerum. Esse aliquid facilis sit excepturi. Rem nam voluptas minus ut molestias dolore eligendi.',1,1,'2014-05-16 05:13:10'),(12,92,96,'Saepe iure magnam illo est adipisci. Natus inventore aliquid impedit rerum.',1,0,'2017-08-18 00:04:00'),(13,3,27,'Consequatur fugit eveniet aperiam officia qui. Recusandae facere deleniti voluptas autem soluta autem. Reiciendis esse nihil neque qui.',0,0,'2012-11-06 19:50:07'),(14,25,42,'Praesentium amet et iusto et aut quia. Enim quis ducimus omnis. Accusamus blanditiis aut voluptas eius nesciunt ut. Ut voluptates unde soluta consequatur.',0,0,'2013-05-02 03:13:47'),(15,34,43,'Deleniti quia tempora exercitationem ut deleniti aut eveniet. Sequi quos dolor quaerat temporibus voluptas itaque qui. Delectus architecto repudiandae eaque sint reprehenderit. Soluta ducimus quidem id facilis et ex ducimus.',1,0,'2012-07-17 00:44:04'),(16,15,44,'Doloremque officia cum ea nulla voluptate molestiae. Aut voluptatem cum dolore aut. Sed consectetur dolores possimus et similique dolor.',0,1,'2020-05-18 02:24:32'),(17,77,51,'Voluptas quisquam illum consequatur et. Aut non blanditiis dolore est. Dolores laudantium beatae non iure. Et quisquam voluptas ab itaque et sed dolorem cupiditate. Qui ex dolores dolor ea ut.',1,1,'2012-11-17 17:11:13'),(18,23,64,'Aut quis in architecto sequi enim reprehenderit voluptates. Totam perspiciatis quia a omnis rerum. Est quas quo similique quaerat.',1,1,'2018-08-23 14:56:18'),(19,48,46,'Sit vero consequatur illo dolores dolor. Quisquam temporibus id iure vel consequatur praesentium quaerat. Et quasi sed nobis quam maxime iste. Porro reiciendis autem qui.',0,1,'2011-12-12 02:02:34'),(20,88,3,'Quidem et non rem architecto nihil. Molestiae possimus est quia aut autem nesciunt quo. Quis et fuga nostrum nihil delectus et. Totam laudantium qui libero blanditiis voluptas amet deleniti. Recusandae tenetur reiciendis pariatur qui tempore nisi.',0,0,'2020-05-27 07:10:55'),(21,48,33,'Voluptas eius mollitia aliquid quibusdam fuga omnis eos. Eveniet consectetur dolorem et omnis. Nemo laboriosam culpa ut vitae voluptatem praesentium dolore.',0,1,'2013-08-07 15:30:47'),(22,18,91,'Voluptas sit consectetur alias quisquam illum modi. Laborum et dolor aut dolores. Nihil voluptatem quisquam maxime laudantium quo laudantium. Voluptate ab dolore aut doloribus. Voluptatem aut aut nobis aut et.',0,0,'2013-08-19 19:02:13'),(23,99,23,'Necessitatibus et nulla vero fuga est tempora modi dolorum. Et voluptatem iusto aperiam et molestias qui laboriosam. Quae fuga aut velit quae eum. Enim dolor doloribus nostrum repudiandae placeat magnam eos.',0,1,'2011-09-07 03:03:43'),(24,19,24,'Minima reiciendis consequatur quia voluptas nesciunt. Quibusdam deserunt voluptas molestiae perspiciatis. Dolorum hic facere est porro reprehenderit non. Odio veniam aspernatur consequuntur ut. Rem sint consequatur quo.',1,0,'2017-05-22 03:43:48'),(25,62,40,'Doloribus accusamus molestiae cupiditate a et illum minus inventore. Sequi qui tempore ut voluptas voluptatem quidem impedit voluptas.',1,0,'2015-07-30 14:58:51'),(26,11,34,'Voluptatem aliquid vitae et accusamus laborum facilis. Iste quam maiores occaecati explicabo. Amet asperiores et dolorum asperiores itaque vero. Voluptas eligendi excepturi optio facere. Aspernatur fuga officia quia doloribus hic consequuntur accusantium sequi.',0,0,'2013-01-13 04:41:42'),(27,37,85,'Qui possimus dolor quis iste magnam enim alias. Pariatur voluptatem nam assumenda ut unde. Nihil adipisci commodi sint voluptatem sint nobis.',1,0,'2015-06-04 05:55:23'),(28,10,96,'Soluta expedita est neque. Cum eos rerum delectus consequatur ut temporibus. Ducimus distinctio iste facere voluptatum.',1,0,'2019-07-17 11:48:58'),(29,49,58,'Quis et sit possimus eum aspernatur. Laborum itaque doloribus laborum vero. Cupiditate quo aut harum enim. Qui aut magnam ut omnis velit.',1,1,'2018-11-12 04:05:18'),(30,42,36,'Unde repellat impedit sit adipisci exercitationem. Sit minus est ducimus laborum blanditiis. Corporis molestiae nulla sit qui sint sint. Est ad dolorem voluptas occaecati nihil quia veniam autem.',0,1,'2017-07-15 10:41:19'),(31,53,57,'Facilis aut ex exercitationem non aut totam. Quod tenetur placeat architecto et animi. Et quo sunt natus illo.',1,1,'2015-12-06 12:36:08'),(32,26,56,'Eos sed et reprehenderit. Distinctio qui nemo molestiae libero. Quo nihil sed qui nostrum.',1,0,'2019-11-29 23:16:19'),(33,2,42,'Impedit praesentium non et ipsa facilis minus quos. Laborum qui libero quis qui asperiores. Iste praesentium aut mollitia voluptatem voluptas.',1,1,'2014-04-22 06:20:22'),(34,2,86,'Eveniet quia amet reiciendis rerum qui. Reiciendis totam ad eius quia. Quidem sint dolores nostrum.',0,1,'2014-07-01 08:38:27'),(35,21,46,'Accusantium architecto id consequatur. Rem perspiciatis enim quis incidunt.',1,1,'2020-12-01 03:10:02'),(36,67,96,'Ipsa nesciunt neque vel eum eum dolorem. Facilis quia voluptas asperiores tempore praesentium aut labore ex. Odit accusantium harum voluptatibus velit et rem quia. Voluptatibus aut exercitationem animi suscipit et reiciendis.',1,1,'2016-09-21 03:50:04'),(37,81,15,'Qui repellat dolorum assumenda quisquam modi omnis. Laborum aut odio vel. Excepturi quod repudiandae ut. Temporibus qui eveniet error saepe quasi ducimus quo rerum.',1,0,'2011-12-17 13:28:28'),(38,33,20,'Similique deserunt et et cumque quidem et. Qui iure temporibus qui sint eius itaque id dignissimos. Quis harum ullam vitae et quidem minima.',1,0,'2013-04-26 11:18:52'),(39,98,30,'Quisquam iure est doloremque rem. Fugiat non quos odio et aut. Quidem sed deserunt praesentium delectus aspernatur qui corporis animi.',0,0,'2015-01-25 02:44:41'),(40,57,95,'Necessitatibus odio quo consequatur qui cum deserunt consequatur cumque. Ducimus ut nobis aut labore.',1,0,'2012-02-18 12:39:19'),(41,1,20,'Dolores doloribus et temporibus dolore. Vel quidem quo maiores et. In eaque dolorum facilis aut.',0,1,'2014-10-11 22:45:35'),(42,98,27,'Et aut dolorem quos atque in aliquam. Perferendis rerum atque placeat et aut quo. Ad porro sit ut. Ut est fuga ratione repudiandae magni consequatur repellendus.',0,1,'2017-05-17 05:07:31'),(43,40,20,'Quidem aspernatur id vitae eaque corrupti doloremque. Repellendus qui molestiae et cum ducimus. Amet explicabo quia illum nulla sequi doloribus. Saepe quia est perspiciatis nihil laborum voluptas.',1,0,'2013-05-12 11:42:41'),(44,80,39,'Consequuntur quis omnis eius eum dolores quia nihil. Quae nam ullam optio impedit veniam. Delectus voluptas ut nostrum et laudantium. Aut fugit architecto voluptas quisquam mollitia magni blanditiis.',0,1,'2014-02-21 06:48:30'),(45,55,56,'Aut perspiciatis eos praesentium sint voluptas ut quam quo. Assumenda reprehenderit velit autem. Dolores beatae suscipit in quam. Eaque dolor deserunt consequatur voluptas debitis voluptas. Ipsam qui voluptas et consequatur quidem cum.',0,0,'2018-10-10 20:22:02'),(46,15,7,'Non consequatur fugiat facere ut nam. Ex ad et beatae ea optio sint. Sed quia soluta nemo rem tenetur ut perspiciatis. Quis dolores eum nulla sunt exercitationem doloremque debitis.',0,0,'2013-11-05 11:18:39'),(47,90,29,'Consequatur iusto dolorem ut velit in alias veniam. Omnis ut est et. Harum amet explicabo voluptas nobis molestiae omnis.',0,1,'2013-12-17 13:45:01'),(48,75,86,'Mollitia expedita modi voluptas culpa veritatis voluptatem sit. Voluptatem fugiat illo et aspernatur fuga molestiae. Enim eos in molestias omnis sint officiis. Esse tenetur porro voluptatem.',1,0,'2017-01-31 06:05:32'),(49,5,65,'Ut ipsum mollitia tenetur soluta perspiciatis voluptatem omnis nostrum. Alias pariatur nihil aut velit sed. Sed quia ducimus laudantium. Enim aliquam delectus fugit nobis qui ut.',1,1,'2020-05-27 04:31:49'),(50,9,52,'Nobis qui aut officiis itaque consectetur. Et quia itaque eligendi iste quaerat. Dolores vero ullam laudantium dolores ipsum. Dignissimos blanditiis quidem non.',0,0,'2018-08-13 19:53:06'),(51,33,7,'Ex totam delectus aut sunt perspiciatis. Et voluptatem animi et. Non adipisci voluptatibus quae quis est non.',0,0,'2017-12-05 15:29:44'),(52,37,62,'Sit tempora veniam quas omnis consectetur fugiat dolores. Id quas unde aut. Blanditiis quia alias voluptatem totam voluptas ea. Eveniet id debitis adipisci. Unde omnis officia nobis vero autem modi quod neque.',1,0,'2020-08-28 10:46:46'),(53,100,14,'Quaerat aliquid aut modi cum dolor. Dolorem perspiciatis voluptatem quia at quisquam. Ut esse aut fuga qui est sunt.',1,1,'2016-03-01 18:17:52'),(54,68,100,'Laudantium enim consequuntur doloribus. Est aut pariatur sit sit non et. Rerum voluptatem eligendi dolorem.',1,1,'2019-08-02 14:03:50'),(55,93,63,'Et ad ab quia expedita consequatur. Quia quia possimus rerum saepe dolor. Sit enim dignissimos consequatur quisquam.',0,1,'2020-03-05 23:04:52'),(56,38,1,'Ut earum libero labore consectetur nesciunt est. Reiciendis temporibus maxime sequi quasi. Inventore natus consequuntur dolore aut quia quidem beatae facilis.',0,1,'2018-12-20 01:23:27'),(57,88,36,'Quos voluptatum dicta dolorem repellendus. Qui dicta error voluptatibus quisquam voluptatem repellendus. Quia inventore et ut.',1,0,'2015-05-13 22:52:18'),(58,17,75,'Aut quasi temporibus eveniet. Odit pariatur quis suscipit veritatis exercitationem quas. Sunt dolorum doloremque laboriosam inventore veritatis.',1,0,'2015-04-03 23:24:30'),(59,25,1,'Corrupti cum quo rerum vitae quidem eum. Nostrum eos at delectus earum est dicta. In provident temporibus id et officia quibusdam eos.',1,0,'2012-08-13 08:08:13'),(60,27,32,'Vel corporis pariatur eligendi incidunt totam sint est. Rerum voluptatem facilis dolores nobis aut. Aut vitae iste accusamus ex hic distinctio natus. Culpa sit eos odio provident velit dolor excepturi.',0,1,'2016-12-09 08:24:57'),(61,77,90,'Id facilis corrupti ut. Qui enim aliquam non voluptatem rerum. Aliquam quae omnis est a nostrum repellendus. A porro laudantium harum ut.',1,0,'2014-08-27 23:01:38'),(62,20,30,'Magnam quae possimus odio vel eos hic. Laudantium modi adipisci saepe est reprehenderit. Tempora distinctio vitae explicabo eos. Eum eius qui suscipit et voluptas.',1,1,'2011-12-13 13:24:54'),(63,89,54,'Nam dolore consequuntur omnis eveniet ut quisquam a et. Eveniet provident repellendus ut quaerat quia in consequatur. At voluptas ab sit aut eos.',0,1,'2012-01-07 08:32:19'),(64,4,55,'Et illum adipisci incidunt magnam qui ut. Quo necessitatibus vero ea voluptas. Dignissimos sit eius quia. Deleniti voluptatem quam quam atque.',1,0,'2019-02-16 08:38:41'),(65,62,47,'Ut dolor sit pariatur aut. Qui consequatur sunt reprehenderit ipsam delectus iure tempora sint. Labore delectus blanditiis et hic qui. Et qui quo unde voluptas odio molestiae animi.',0,1,'2016-02-20 05:13:02'),(66,46,90,'Voluptatem ut inventore doloribus aut autem nihil. Porro maxime tenetur dolor ad explicabo tempora quasi. Pariatur ut dolorum molestias.',0,0,'2016-08-30 06:16:27'),(67,10,81,'Facilis dignissimos et rem provident aspernatur voluptatem. Culpa voluptas deleniti et qui amet. Suscipit voluptatem itaque ut ratione et quia voluptatum. Sit ullam non ab fugit aut accusamus.',1,1,'2020-08-21 17:18:04'),(68,73,21,'Incidunt quasi id reiciendis quaerat fuga nihil ut. Reiciendis id illo atque nulla est quis mollitia sint. Est quasi deserunt et accusantium. Sint aperiam quidem labore.',0,0,'2017-11-27 08:58:47'),(69,84,60,'Dolorem eum nulla enim. Iusto omnis ut voluptatum optio corporis et. Distinctio voluptas recusandae qui. Laborum aut praesentium dolor ipsum ut provident et. Dolorem amet et et aut voluptatem in.',0,0,'2014-06-23 14:44:53'),(70,46,50,'Tempora beatae eum quis inventore. Placeat asperiores nobis eos dignissimos nisi distinctio. Et et totam reprehenderit distinctio quis. Omnis accusantium ex fugit labore sed nihil accusamus.',0,1,'2015-06-27 02:15:04'),(71,12,8,'Iste in porro nobis ullam velit rerum ea. Ipsum consectetur consectetur nostrum nihil. Vitae magnam ratione dolor dolorem architecto illo.',1,1,'2019-07-28 17:56:52'),(72,3,92,'At aspernatur rerum deserunt est eum velit. Rerum officia commodi voluptate harum culpa. Et ut in neque qui unde consequatur.',1,1,'2013-02-28 12:29:38'),(73,50,74,'Nemo veritatis earum delectus et voluptas magni. Qui consequatur assumenda sed facere. Aperiam qui inventore incidunt ex voluptatibus.',1,0,'2020-05-01 15:24:49'),(74,20,76,'Nisi quasi voluptatum enim ut. Velit veniam dolorem qui sunt suscipit. Rerum sit reprehenderit quas doloremque illum odit incidunt totam.',0,0,'2016-03-06 20:05:40'),(75,21,74,'Cumque voluptatum eum nulla ad mollitia doloribus suscipit. Et et dolor distinctio odio. Ipsa velit id beatae. Illum vel fugiat rerum. Et quia et suscipit expedita hic amet.',1,1,'2011-05-26 13:15:34'),(76,10,24,'Et tempora occaecati ipsum vero ut accusantium consequatur. Aut est perferendis dolore laboriosam ea. Blanditiis nihil veritatis sequi quos.',0,0,'2012-07-01 05:47:24'),(77,93,89,'Eligendi at asperiores praesentium possimus fugit aut ut. Labore mollitia dolorem et totam tenetur voluptas et. Eum suscipit dicta consequatur incidunt aut cum. Fugit sunt ipsa ut dolore enim. Quis necessitatibus animi temporibus delectus facilis rerum quod.',1,1,'2018-02-18 13:41:46'),(78,67,68,'Ipsum laborum est esse et repellendus ipsum aliquam. Sit molestias similique alias est at maxime. Non distinctio debitis ea labore facere qui. Eos voluptate ab iste perspiciatis facilis sint.',0,1,'2011-10-05 19:24:38'),(79,39,89,'Non exercitationem deserunt dolores totam delectus numquam maiores. Voluptatem atque molestiae accusantium eum facere. Eum labore voluptates atque ea.',0,0,'2019-07-30 15:44:44'),(80,29,75,'Autem et et autem deleniti in. Sunt dolor quis ut eaque corporis autem nihil. Sunt id omnis deleniti explicabo saepe ullam.',1,1,'2018-11-30 21:22:24'),(81,90,23,'Ut repellat voluptatem officia cupiditate consectetur. Nisi labore error facilis eum sint dolores. Modi facere vitae eum eligendi vel distinctio asperiores.',1,1,'2019-02-26 08:40:56'),(82,44,51,'Vel soluta odio facilis eveniet. Dolor voluptatem quis neque doloremque eveniet molestiae vero. Animi doloribus et iste et aut ut quibusdam. Sit cupiditate ipsam omnis incidunt corporis fugiat.',1,0,'2014-10-15 23:17:54'),(83,21,53,'Enim ratione et fugit unde. Quis cumque est placeat qui. Nostrum et et voluptates esse eos adipisci.',1,0,'2019-10-07 18:04:10'),(84,1,44,'Voluptas rerum distinctio aliquid maxime aut. Minima quam nisi hic dolor et dolorem distinctio maxime. Ipsam exercitationem aspernatur ut inventore eius velit.',1,0,'2018-12-24 21:52:34'),(85,16,48,'Fugit et optio facere non est. Voluptatem sit repudiandae ea unde dignissimos quisquam. Distinctio culpa ut magni exercitationem. Provident cum maiores at aut.',0,0,'2018-03-29 15:14:40'),(86,92,15,'Fuga ad libero et exercitationem. Repellendus provident aut repudiandae rerum dolore. Doloremque laboriosam blanditiis ab quisquam provident laudantium commodi ut.',1,0,'2012-11-21 13:18:32'),(87,100,55,'Illum distinctio est libero. Distinctio magni aut expedita nobis. Optio incidunt sed officia sequi.',1,1,'2018-04-29 19:58:08'),(88,72,96,'Iusto facilis est quo qui. Est tempora et quas sit repudiandae dolor modi. Voluptatum voluptatibus quo placeat eos occaecati animi nulla quia.',0,0,'2015-07-08 11:08:00'),(89,61,20,'Voluptatem et quis saepe temporibus quia commodi. Unde perferendis accusamus magni ipsam vitae. Enim mollitia modi est maiores. Unde nihil ea porro occaecati similique et vel iste.',0,0,'2014-05-03 09:53:11'),(90,14,10,'Voluptate qui iste et cupiditate quis sunt. Quae saepe dolor qui possimus id mollitia ut. Assumenda amet eveniet suscipit corrupti quod. Consectetur asperiores a est omnis odio illum.',1,1,'2020-06-09 01:06:20'),(91,8,9,'Corrupti rem illum debitis at et dolores. Ut eius est ut rerum quos similique voluptas aut. Alias natus ipsum molestiae eligendi quisquam est.',0,1,'2014-10-29 21:00:01'),(92,21,78,'Quia nisi iste vel. Quis ut ut ut quaerat nihil est. Beatae voluptas nobis et possimus officia.',1,0,'2016-07-24 02:33:50'),(93,26,96,'In ab alias vitae possimus voluptas maxime. Vitae quis sint id et tempore ex laudantium. Quisquam molestias aliquid aut dolor esse sunt et. Sit explicabo qui illum.',0,0,'2019-11-09 10:04:54'),(94,3,23,'Fugit commodi laborum voluptas eius. Harum quisquam sunt non et quia porro. Dolore similique saepe sit ut et. Aut ab molestias voluptatum cumque labore vel iste.',1,0,'2018-04-09 10:22:47'),(95,9,73,'Dignissimos delectus voluptates maxime pariatur rem. Et possimus ullam provident quaerat facilis. Aliquam accusamus ea qui blanditiis optio suscipit molestiae. Eius officiis sapiente sequi est blanditiis ipsum saepe.',1,0,'2019-08-30 01:41:02'),(96,37,66,'Similique vitae incidunt dignissimos vel quis. Et deserunt quas officia. Accusantium fugit recusandae magni architecto velit ipsum ipsam. Placeat eos autem ad accusamus.',0,1,'2016-09-26 16:49:41'),(97,19,95,'Officiis dicta corrupti quam ut voluptatem dolores. Cupiditate pariatur fugit maxime necessitatibus et soluta tempora.',1,0,'2013-03-29 07:13:48'),(98,17,1,'Atque itaque voluptas enim. Ut laborum praesentium ea. Explicabo cum culpa totam nobis aut.',1,0,'2018-06-01 04:34:49'),(99,53,60,'Optio est animi voluptatem ipsam dolores commodi. Commodi et et illo eos maxime. Vel aspernatur distinctio sed tempora dolores.',1,0,'2012-06-10 07:22:50'),(100,41,25,'Libero illo et provident natus ut quam est. Consequatur sit et dolorem pariatur.',1,1,'2020-04-08 08:59:18');
/*!40000 ALTER TABLE `messages` ENABLE KEYS */;
UNLOCK TABLES;

--
-- Table structure for table `profiles`
--

DROP TABLE IF EXISTS `profiles`;
/*!40101 SET @saved_cs_client     = @@character_set_client */;
/*!50503 SET character_set_client = utf8mb4 */;
CREATE TABLE `profiles` (
  `user_id` int unsigned NOT NULL COMMENT 'Ссылка на пользователя',
  `gender` char(1) CHARACTER SET utf8mb4 COLLATE utf8mb4_unicode_ci NOT NULL COMMENT 'Пол',
  `birthday` date DEFAULT NULL COMMENT 'Дата рождения',
  `city` varchar(130) CHARACTER SET utf8mb4 COLLATE utf8mb4_unicode_ci DEFAULT NULL COMMENT 'Город проживания',
  `country` varchar(130) CHARACTER SET utf8mb4 COLLATE utf8mb4_unicode_ci DEFAULT NULL COMMENT 'Страна проживания',
  `created_at` datetime DEFAULT CURRENT_TIMESTAMP COMMENT 'Время создания строки',
  `updated_at` datetime DEFAULT CURRENT_TIMESTAMP ON UPDATE CURRENT_TIMESTAMP COMMENT 'Время обновления строки',
  PRIMARY KEY (`user_id`)
) ENGINE=InnoDB DEFAULT CHARSET=utf8mb4 COLLATE=utf8mb4_unicode_ci COMMENT='Профили';
/*!40101 SET character_set_client = @saved_cs_client */;

--
-- Dumping data for table `profiles`
--

LOCK TABLES `profiles` WRITE;
/*!40000 ALTER TABLE `profiles` DISABLE KEYS */;
INSERT INTO `profiles` VALUES (1,'M','2018-02-23','Laceyside','Heard Island and McDonald Islands','2020-06-18 05:59:09','2021-04-29 14:03:25'),(2,'M','1991-09-05','Port Karsonstad','Kuwait','2018-02-17 05:02:37','2019-07-17 13:08:42'),(3,'F','2015-09-02','West Jayme','Costa Rica','2012-02-24 17:34:55','2018-12-10 11:22:12'),(4,'F','1978-02-24','Mackenziestad','Wallis and Futuna','2020-08-29 19:08:57','2021-04-29 14:03:25'),(5,'F','1985-03-05','Rosalynshire','Slovenia','2019-04-27 01:16:56','2021-04-29 14:03:25'),(6,'F','2014-05-08','Krajcikland','Uruguay','2018-08-26 22:15:13','2021-04-29 14:03:25'),(7,'F','1977-12-28','East Zoeytown','Korea','2012-03-02 00:21:30','2016-08-13 08:59:32'),(8,'M','2020-10-30','Vivaport','Martinique','2018-05-19 13:02:35','2020-01-03 15:33:37'),(9,'M','1985-04-03','Harveyville','American Samoa','2016-03-19 06:05:46','2016-12-09 01:19:47'),(10,'F','1970-04-18','Predovicfort','Romania','2016-08-28 02:40:11','2021-04-29 14:03:25'),(11,'M','1972-01-27','East Tommie','Gabon','2013-09-15 23:55:52','2021-04-29 14:03:25'),(12,'M','2021-02-22','Toyfurt','Sierra Leone','2013-10-04 11:52:04','2017-02-16 05:52:37'),(13,'M','2001-06-25','Ofeliaside','Palestinian Territory','2011-10-26 08:02:42','2019-11-08 14:51:36'),(14,'M','1997-12-13','Lake Columbus','Nicaragua','2018-08-18 14:45:26','2021-04-29 14:03:25'),(15,'F','2002-05-21','Rosalindaville','Macedonia','2013-01-29 17:43:58','2013-06-14 07:06:35'),(16,'M','1975-11-10','Grahamport','Seychelles','2020-02-12 14:01:05','2021-04-29 14:03:25'),(17,'M','2011-08-03','Bauchshire','Belgium','2013-09-23 18:13:58','2021-04-29 14:03:25'),(18,'F','1975-09-23','Celestinoland','Palestinian Territory','2015-01-14 05:18:09','2017-03-03 02:40:11'),(19,'F','1970-08-29','Jacobsside','Lithuania','2020-07-30 17:12:42','2021-04-29 14:03:25'),(20,'M','2012-11-08','Rueckerport','United States of America','2016-03-18 18:00:19','2021-04-29 14:03:25'),(21,'F','1985-10-20','Hellenshire','Niue','2014-11-30 22:20:04','2020-11-09 19:33:27'),(22,'M','1985-02-09','New Staceyland','Haiti','2013-02-02 12:06:33','2021-04-10 04:21:11'),(23,'F','1992-07-18','Adeliafurt','American Samoa','2011-08-15 22:41:09','2013-10-20 19:57:13'),(24,'F','2016-10-22','North Mohammad','Belize','2020-01-19 15:24:04','2021-04-29 14:03:25'),(25,'F','1975-11-12','North Francescoville','Bermuda','2021-04-10 04:05:05','2021-04-29 14:03:25'),(26,'F','1997-05-28','West Skyla','Timor-Leste','2020-07-14 18:13:40','2021-04-29 14:03:25'),(27,'M','2014-03-06','Gibsonhaven','Antarctica (the territory South of 60 deg S)','2011-04-23 04:40:30','2020-10-27 07:19:02'),(28,'M','2002-07-27','Cameronstad','Ukraine','2015-07-29 20:25:49','2021-04-29 14:03:25'),(29,'M','1981-10-30','Fritschbury','South Africa','2014-07-04 20:58:01','2021-04-29 14:03:25'),(30,'M','1984-10-08','Mikaylamouth','Sierra Leone','2013-07-29 07:01:33','2017-08-20 17:29:01'),(31,'F','2009-06-11','New Paulport','Saint Helena','2017-03-22 15:46:43','2021-04-29 14:03:25'),(32,'F','1987-01-11','Rempelberg','Mauritius','2016-08-21 06:20:46','2017-03-28 10:50:57'),(33,'F','2009-01-23','East Emanuel','Congo','2018-11-30 03:24:05','2021-04-29 14:03:25'),(34,'M','2004-07-17','West Wiley','Turkey','2016-08-24 07:28:48','2019-03-12 12:12:52'),(35,'M','1995-08-05','East Reese','Colombia','2016-06-25 21:47:21','2019-02-20 03:58:51'),(36,'M','1979-09-25','Port Willieburgh','Myanmar','2018-06-14 05:10:15','2021-04-29 14:03:25'),(37,'M','2002-07-07','West Jaida','Zambia','2011-12-05 00:00:20','2016-11-09 10:53:41'),(38,'F','1981-10-12','Effertzborough','Benin','2019-02-01 14:07:35','2021-04-29 14:03:25'),(39,'M','2008-08-24','Mannview','Saint Lucia','2016-02-13 14:00:09','2021-04-29 14:03:25'),(40,'F','2007-11-08','Hahnville','France','2014-02-12 21:01:29','2021-04-29 14:03:25'),(41,'M','2014-08-10','Lake Felicitastad','French Guiana','2017-03-09 17:16:06','2021-04-29 14:03:25'),(42,'M','2006-04-18','New Asha','Latvia','2011-08-05 06:31:22','2012-10-08 09:27:24'),(43,'F','1985-06-19','Halton','Gibraltar','2016-03-31 17:07:38','2021-04-29 14:03:25'),(44,'F','1976-10-02','New Charles','Sweden','2012-01-13 05:59:47','2013-06-09 17:38:48'),(45,'F','2016-12-16','South Jared','Ethiopia','2018-03-22 14:15:37','2020-02-11 01:23:25'),(46,'F','1971-01-15','Ratkehaven','Saint Barthelemy','2014-08-10 07:39:27','2015-02-14 23:55:10'),(47,'F','1996-12-24','East Isabelle','Guinea-Bissau','2014-04-29 03:48:05','2021-02-18 01:52:00'),(48,'M','2015-12-23','New Ashleeside','Belize','2016-03-07 07:36:51','2017-10-23 19:07:41'),(49,'F','1990-07-28','Fishershire','Samoa','2016-02-24 11:59:13','2021-04-29 14:03:25'),(50,'F','1983-09-10','O\'Konstad','Cambodia','2012-12-21 15:58:45','2021-04-29 14:03:25'),(51,'F','1970-08-25','Georgiannaville','Togo','2017-02-11 10:28:54','2021-04-29 14:03:25'),(52,'M','1983-06-29','Adrienneburgh','Djibouti','2013-07-05 18:44:42','2020-05-20 18:51:24'),(53,'M','2015-01-19','Pollichtown','Palestinian Territory','2017-01-05 00:05:44','2021-04-29 14:03:25'),(54,'M','1981-03-10','West Thelma','Albania','2012-01-29 02:28:05','2013-06-08 06:27:33'),(55,'M','1974-07-16','East Talia','Honduras','2020-06-15 16:19:15','2021-04-29 14:03:25'),(56,'M','1987-08-30','Kautzerbury','Brazil','2015-04-23 11:25:37','2021-04-29 14:03:25'),(57,'F','2017-09-30','Aidanport','Belize','2013-12-20 06:50:17','2020-01-22 02:30:41'),(58,'M','1989-08-02','Arturoshire','New Caledonia','2018-09-06 17:33:47','2019-12-22 07:41:13'),(59,'M','1990-04-28','Bulahport','Myanmar','2014-06-14 07:47:55','2021-04-29 14:03:25'),(60,'M','2014-07-14','Shanahanchester','France','2016-03-12 14:12:22','2021-04-29 14:03:25'),(61,'M','2016-03-08','Port Earnestine','Grenada','2013-03-09 13:31:22','2021-03-17 13:52:44'),(62,'F','2020-07-08','Beiermouth','Italy','2014-06-25 21:39:24','2021-04-29 14:03:25'),(63,'M','1999-07-17','New Evertmouth','Chile','2014-02-22 03:39:20','2019-11-17 10:03:09'),(64,'F','2017-06-24','South Ginamouth','Bangladesh','2015-02-12 14:07:41','2019-03-29 22:06:07'),(65,'F','1992-04-05','New Deion','Solomon Islands','2021-03-06 10:19:35','2021-04-29 14:03:25'),(66,'F','1975-03-07','Ziemannborough','Macao','2018-04-14 14:19:05','2021-04-29 14:03:25'),(67,'M','1975-11-11','Sengerview','Kazakhstan','2015-12-03 04:06:06','2021-04-29 14:03:25'),(68,'M','2011-05-27','New Barbara','Serbia','2018-02-26 09:40:03','2019-08-06 09:57:45'),(69,'F','2001-11-21','Lewburgh','Papua New Guinea','2020-04-04 14:09:31','2021-04-29 14:03:25'),(70,'F','2021-01-29','Lynnville','Mongolia','2018-04-11 23:04:44','2021-04-29 14:03:25'),(71,'M','2004-10-28','Kendrafort','Romania','2021-02-25 17:10:36','2021-04-29 14:03:25'),(72,'M','1972-08-07','East Pinkie','Mali','2012-12-21 14:09:42','2018-12-29 22:47:12'),(73,'M','1989-08-14','Alisaburgh','Malaysia','2015-11-23 00:14:18','2021-04-29 14:03:25'),(74,'M','1974-10-12','East Osvaldoview','Paraguay','2017-03-20 22:44:46','2021-04-29 14:03:25'),(75,'M','1990-12-02','South Jamarshire','Belize','2018-07-24 12:31:58','2020-01-17 21:10:26'),(76,'F','1972-04-10','Bartellview','Reunion','2011-09-05 11:21:20','2020-07-29 22:24:35'),(77,'F','1973-12-11','New Phoebeton','Brazil','2015-03-23 00:10:40','2019-04-22 11:30:32'),(78,'F','1970-06-19','East Otilia','Sudan','2014-06-04 06:37:20','2021-04-29 14:03:25'),(79,'F','1987-03-02','New Graciehaven','India','2013-11-16 10:19:11','2018-07-07 16:13:38'),(80,'M','2000-05-26','Alvisland','British Indian Ocean Territory (Chagos Archipelago)','2013-07-13 08:09:49','2015-08-28 11:06:42'),(81,'F','2001-07-07','South Janetburgh','Thailand','2018-08-10 18:33:19','2019-12-22 20:01:46'),(82,'F','2006-04-05','Port Mazieland','Zambia','2015-03-14 08:24:09','2021-04-29 14:03:25'),(83,'M','1984-07-05','Stoltenbergshire','Estonia','2014-07-12 11:10:01','2018-07-01 09:27:08'),(84,'F','1997-10-05','Danielfurt','Cambodia','2014-05-18 14:50:12','2019-05-04 19:32:36'),(85,'F','1990-11-23','Arielletown','Malta','2011-12-27 20:58:46','2020-05-15 23:54:07'),(86,'F','1993-10-03','Port Deangeloborough','Qatar','2014-09-08 21:38:26','2015-11-02 14:46:41'),(87,'M','2006-01-05','Jacquelynberg','Madagascar','2014-02-26 22:22:15','2020-04-24 16:57:09'),(88,'F','2016-07-24','Madisynmouth','Egypt','2019-04-01 18:25:09','2021-04-29 14:03:25'),(89,'F','2003-07-31','North Horacefurt','Korea','2021-01-05 12:52:48','2021-04-29 14:03:25'),(90,'F','2002-08-24','East Darion','Saint Barthelemy','2017-07-13 02:16:27','2021-04-29 14:03:25'),(91,'M','1997-12-06','East Zula','Somalia','2016-08-08 17:07:17','2021-04-29 14:03:25'),(92,'F','2019-04-26','Huldastad','French Guiana','2012-08-27 16:35:06','2020-05-11 11:33:39'),(93,'M','2021-01-02','Harrisview','Kuwait','2018-05-29 11:19:29','2020-03-21 21:39:14'),(94,'F','1980-05-29','Bartolettiland','Grenada','2011-06-14 02:31:51','2017-03-20 17:00:49'),(95,'M','2013-06-15','Gerholdstad','Mayotte','2020-06-05 16:40:13','2021-02-13 15:17:24'),(96,'M','2020-12-19','South Helenaborough','Paraguay','2016-11-25 19:31:24','2021-04-29 14:03:25'),(97,'F','2008-06-15','Port Lesly','Honduras','2016-07-29 06:06:04','2021-04-29 14:03:25'),(98,'F','1984-11-01','West Irmatown','Bahamas','2015-05-21 17:37:41','2016-08-10 12:15:40'),(99,'M','2003-02-17','Hoegerbury','Romania','2015-08-26 04:39:26','2015-09-14 21:59:52'),(100,'F','2012-11-08','Lake Anissaborough','Haiti','2015-05-12 03:22:23','2020-08-27 07:38:42');
/*!40000 ALTER TABLE `profiles` ENABLE KEYS */;
UNLOCK TABLES;

--
-- Table structure for table `users`
--

DROP TABLE IF EXISTS `users`;
/*!40101 SET @saved_cs_client     = @@character_set_client */;
/*!50503 SET character_set_client = utf8mb4 */;
CREATE TABLE `users` (
  `id` int unsigned NOT NULL AUTO_INCREMENT COMMENT 'Идентификатор строки',
  `first_name` varchar(100) CHARACTER SET utf8mb4 COLLATE utf8mb4_unicode_ci NOT NULL COMMENT 'Имя пользователя',
  `last_name` varchar(100) CHARACTER SET utf8mb4 COLLATE utf8mb4_unicode_ci NOT NULL COMMENT 'Фамилия пользователя',
  `email` varchar(100) CHARACTER SET utf8mb4 COLLATE utf8mb4_unicode_ci NOT NULL COMMENT 'Почта',
  `phone` varchar(100) CHARACTER SET utf8mb4 COLLATE utf8mb4_unicode_ci NOT NULL COMMENT 'Телефон',
  `created_at` datetime DEFAULT CURRENT_TIMESTAMP COMMENT 'Время создания строки',
  `updated_at` datetime DEFAULT CURRENT_TIMESTAMP ON UPDATE CURRENT_TIMESTAMP COMMENT 'Время обновления строки',
  PRIMARY KEY (`id`),
  UNIQUE KEY `email` (`email`),
  UNIQUE KEY `phone` (`phone`)
) ENGINE=InnoDB AUTO_INCREMENT=101 DEFAULT CHARSET=utf8mb4 COLLATE=utf8mb4_unicode_ci COMMENT='Пользователи';
/*!40101 SET character_set_client = @saved_cs_client */;

--
-- Dumping data for table `users`
--

LOCK TABLES `users` WRITE;
/*!40000 ALTER TABLE `users` DISABLE KEYS */;
INSERT INTO `users` VALUES (1,'Alex','Lynch','kale51@example.org','(472)920-0450','2013-03-01 14:00:58','2021-04-29 13:34:01'),(2,'Rod','Zulauf','reymundo.morissette@example.com','(186)134-5973x17829','2019-05-09 20:17:04','2021-04-29 13:55:31'),(3,'Freeda','Towne','garland.daugherty@example.net','(824)589-4363x183','2016-12-27 02:35:17','2018-01-25 23:46:01'),(4,'Zetta','Bogisich','boyer.rusty@example.net','(398)912-7615','2013-10-21 04:00:16','2017-07-07 04:13:35'),(5,'Magnolia','Leannon','bernier.simeon@example.com','985.054.3098x398','2017-05-15 14:49:18','2021-04-29 13:55:31'),(6,'Kobe','Ullrich','lauryn.marvin@example.com','00558023376','2014-08-15 07:51:47','2017-10-15 16:23:59'),(7,'Kale','Cummings','rubie.lubowitz@example.com','07845037341','2011-10-12 14:50:46','2016-01-24 05:39:20'),(8,'Sierra','Wolf','moen.phyllis@example.org','(132)522-9758x978','2020-07-08 10:48:06','2021-04-29 13:55:31'),(9,'Beth','Stehr','uschinner@example.net','(161)223-1206','2018-01-21 01:26:08','2021-04-29 13:55:31'),(10,'Kamille','Langworth','kuhic.gillian@example.com','381.566.1118','2020-08-07 06:37:46','2021-04-29 13:55:31'),(11,'Royce','Purdy','mfadel@example.net','178.305.8341x44905','2012-05-19 01:07:37','2019-04-05 21:52:52'),(12,'Marta','Mills','goyette.billie@example.org','812.033.0531x738','2018-05-11 02:44:52','2018-06-01 02:23:35'),(13,'May','Nitzsche','orosenbaum@example.com','169.843.1503x921','2012-11-13 10:23:57','2018-08-06 09:59:04'),(14,'Irma','Franecki','iwillms@example.com','1-728-600-6873x269','2013-03-30 18:50:25','2021-04-29 13:55:31'),(15,'Ebba','Streich','dmedhurst@example.com','161.371.4993','2013-07-12 16:04:09','2021-04-29 13:55:31'),(16,'Moriah','Koepp','dickinson.cortez@example.org','1-488-519-8219x16207','2011-09-14 08:42:30','2018-10-04 21:40:01'),(17,'Pierre','West','harvey.jude@example.net','1-399-957-4968','2012-08-03 16:19:08','2021-04-29 13:55:31'),(18,'Libby','Klocko','jaylen.goodwin@example.net','+36(6)9597734190','2012-01-05 01:25:37','2018-07-22 02:51:35'),(19,'Flossie','Powlowski','jcollier@example.com','464.559.9164','2013-10-31 13:31:44','2021-04-29 13:55:31'),(20,'Alize','Wolf','xcruickshank@example.net','1-006-137-1964','2017-08-12 23:03:20','2021-04-29 13:55:31'),(21,'Eloise','Bode','adeline69@example.com','031.534.2209','2020-11-30 22:15:18','2021-04-29 13:55:31'),(22,'Evangeline','O\'Kon','carmelo72@example.net','439.764.3739x910','2016-10-25 10:51:00','2021-04-29 13:55:31'),(23,'Lucile','Beahan','selina.pfannerstill@example.com','018.783.5860','2020-05-24 00:04:40','2021-04-29 13:55:31'),(24,'Kiley','Bogisich','zzulauf@example.org','(024)038-4980x5365','2020-03-27 02:04:29','2021-04-29 13:55:31'),(25,'Ashton','McLaughlin','jessica.farrell@example.org','799.279.6733x1358','2016-03-02 02:58:33','2021-04-29 13:55:31'),(26,'Charity','Windler','gabriella78@example.com','(532)812-8363','2017-01-02 21:30:11','2020-07-02 20:24:51'),(27,'Kenton','Konopelski','dora30@example.com','191-860-6860x45358','2019-10-02 17:09:54','2019-12-16 07:51:54'),(28,'Billy','Boyle','jgutmann@example.com','(304)037-3365','2020-03-28 16:09:55','2021-04-29 13:55:31'),(29,'Montana','Brown','bartell.naomie@example.com','1-894-098-9442x42368','2020-02-04 06:54:43','2021-04-29 13:55:31'),(30,'Hildegard','Ratke','leta.hirthe@example.com','(149)169-8510x1010','2015-07-28 22:11:12','2021-04-29 13:55:31'),(31,'Bartholome','Conroy','upton.blake@example.net','649.070.3052x9501','2019-06-22 02:16:35','2021-04-29 13:55:31'),(32,'Kiana','Douglas','marion39@example.net','252-609-6616x7990','2011-07-18 04:48:32','2020-02-10 17:02:03'),(33,'Orpha','Schroeder','grady.weber@example.com','+54(6)6811861096','2018-07-31 08:51:36','2020-07-03 11:22:49'),(34,'Vivien','Von','waylon52@example.net','1-993-939-8706x947','2019-04-04 20:11:50','2021-04-29 13:55:31'),(35,'Derick','Wehner','goodwin.chris@example.org','239-358-9725x3350','2017-01-13 11:01:54','2021-04-29 13:55:31'),(36,'Abdiel','Miller','america74@example.com','572-415-9871','2016-12-09 04:38:47','2021-04-29 13:55:31'),(37,'Kailey','Wehner','zcronin@example.org','1-294-665-9261','2015-03-11 22:54:39','2021-04-29 13:55:31'),(38,'Antoinette','Green','hodkiewicz.sammy@example.com','06594679001','2015-08-03 20:23:02','2016-07-14 03:12:28'),(39,'Damion','Windler','walter.adriel@example.com','1-106-023-2686','2013-02-12 16:36:09','2020-05-06 23:27:25'),(40,'Lorine','Howell','yrenner@example.com','1-068-494-4445x70130','2012-03-01 15:33:01','2014-10-26 22:07:29'),(41,'Tomas','Anderson','gmonahan@example.net','1-011-047-8275x3867','2013-02-28 01:13:57','2020-11-20 08:20:15'),(42,'Heath','Ryan','xschroeder@example.org','(643)994-3003','2017-07-07 01:57:53','2021-04-29 13:55:31'),(43,'Braulio','Beatty','khirthe@example.net','1-993-726-2875','2012-05-06 08:38:27','2019-11-07 08:08:47'),(44,'Jess','Baumbach','fritsch.santina@example.com','908-134-0485x975','2011-04-25 07:18:14','2016-12-03 20:24:13'),(45,'Holly','Kirlin','vickie.wiegand@example.com','289.504.3431','2020-12-17 17:13:06','2021-04-29 13:55:31'),(46,'Art','Block','sammy99@example.org','1-164-148-0743x8411','2013-02-11 01:28:31','2013-11-13 14:13:00'),(47,'Lincoln','Schinner','chester.brakus@example.org','+78(2)8054421930','2011-07-19 14:52:10','2017-05-15 09:39:31'),(48,'Mitchel','Renner','wheaney@example.net','1-362-051-7472x35748','2014-01-05 23:05:12','2021-04-29 13:55:31'),(49,'Sedrick','Howe','carlo16@example.org','162.722.6356x5840','2013-03-27 01:48:37','2019-08-07 22:06:29'),(50,'Makenna','Yost','ptremblay@example.com','761.503.0192','2012-11-03 17:55:49','2019-03-08 20:00:53'),(51,'Marcia','Lang','josianne53@example.org','(707)537-9709x76103','2018-05-13 05:18:22','2021-04-29 13:55:31'),(52,'Bertrand','Schaden','hrice@example.org','213-970-2927x3297','2012-09-16 14:13:46','2016-03-02 19:12:11'),(53,'Benjamin','Hessel','cali35@example.net','+13(0)4289818960','2020-01-08 20:18:20','2021-04-29 13:55:31'),(54,'Josie','Cassin','gabriella30@example.org','1-187-572-3700x91669','2014-09-30 22:44:54','2021-04-29 13:55:31'),(55,'Marco','Walter','haag.aric@example.org','999.036.3491','2017-03-24 22:52:35','2021-04-29 13:55:31'),(56,'Amiya','Simonis','flatley.rudolph@example.com','706-320-9905x391','2017-05-23 00:29:52','2021-04-29 13:55:31'),(57,'Laney','Rogahn','powlowski.davon@example.org','449.571.5053x145','2015-09-10 11:26:19','2018-09-01 01:18:32'),(58,'Geraldine','Lehner','pansy.huels@example.net','716-349-4636x16308','2015-07-19 21:40:13','2018-05-25 10:46:41'),(59,'Charity','Bailey','dakota.adams@example.net','1-602-161-2319x76697','2012-05-17 20:41:18','2018-01-16 13:41:35'),(60,'Reed','Hoeger','cora.dooley@example.com','(534)466-3668','2015-07-02 10:33:41','2021-04-29 13:55:31'),(61,'Kaylee','Cormier','hanna41@example.net','(862)370-7619x5398','2016-06-06 08:44:29','2016-10-26 09:56:04'),(62,'Jarred','Kshlerin','luis57@example.com','(146)704-1566','2018-12-03 07:47:39','2019-02-16 07:37:32'),(63,'Ayana','Greenholt','zhuel@example.com','492-883-5052x372','2019-11-04 19:11:34','2021-04-29 13:55:31'),(64,'Arnold','Fritsch','jolie19@example.com','088.854.3294','2011-07-29 15:46:34','2012-06-10 08:33:59'),(65,'Alford','Ankunding','mattie.anderson@example.net','+12(5)0228971679','2014-01-24 21:46:16','2015-08-21 10:59:33'),(66,'Braulio','Hessel','colleen57@example.org','(325)076-6465x3114','2020-10-11 19:03:35','2020-11-19 12:42:41'),(67,'Euna','Keeling','langworth.justina@example.org','746.633.9607x86135','2017-10-21 11:38:35','2020-10-07 12:57:55'),(68,'Talia','Predovic','cletus59@example.com','1-214-204-8574x2403','2014-02-23 11:34:04','2015-12-07 15:40:16'),(69,'Florine','Hegmann','octavia62@example.org','523-435-5343','2013-09-07 11:56:03','2019-07-29 18:14:10'),(70,'Dario','O\'Connell','edna.glover@example.org','09996071823','2021-02-16 06:51:17','2021-04-29 13:55:31'),(71,'Janet','Cummings','effertz.magali@example.net','382.105.6537','2018-11-03 15:27:04','2021-04-29 13:55:31'),(72,'Rowena','Koch','yundt.adelle@example.org','1-476-206-5762x30660','2012-09-16 11:59:56','2016-09-12 08:24:32'),(73,'Evangeline','Ryan','cesar.prosacco@example.net','979-126-0572x8663','2017-01-09 05:48:58','2021-04-29 13:55:31'),(74,'Ciara','Kiehn','hane.emily@example.org','140.584.0176','2011-07-28 07:32:05','2018-05-23 05:21:06'),(75,'Jany','Nitzsche','joanie43@example.com','1-290-465-4538x107','2018-06-05 03:26:29','2019-04-28 09:24:07'),(76,'Ozella','Muller','suzanne.zboncak@example.org','041.775.3782','2020-08-20 11:56:37','2021-04-29 13:55:31'),(77,'Noel','Jacobs','josefa.rutherford@example.net','1-017-757-1107x744','2011-05-29 14:37:41','2016-12-19 10:34:37'),(78,'Vern','Lynch','koch.esmeralda@example.org','(722)261-1729x29755','2021-03-24 02:07:21','2021-04-29 13:55:31'),(79,'Alvena','Heidenreich','labadie.zelma@example.org','03659703957','2015-02-23 11:13:53','2015-10-16 05:09:12'),(80,'Otilia','Blick','wlangosh@example.net','(555)336-7686','2015-12-04 20:26:03','2021-04-29 13:55:31'),(81,'Lila','Corwin','terry.ada@example.com','+59(9)8404881475','2015-03-29 01:55:53','2021-04-29 13:55:31'),(82,'Tess','Feest','corkery.ericka@example.com','(842)171-6263x544','2017-08-16 12:21:17','2021-04-29 13:55:31'),(83,'Reggie','Hamill','seth.satterfield@example.org','754-473-9619','2015-02-15 15:55:26','2019-10-10 19:04:25'),(84,'Alayna','Baumbach','bella.crooks@example.org','477-572-1349','2014-10-07 11:49:55','2019-09-08 12:13:00'),(85,'Delfina','Orn','ali67@example.net','627.683.2140x4104','2016-03-10 21:14:46','2021-04-29 13:55:31'),(86,'Harry','Sipes','kilback.kathlyn@example.net','1-400-499-6886x83266','2014-12-31 13:10:07','2015-02-01 06:03:43'),(87,'Arely','Ortiz','dooley.buddy@example.net','(320)010-6775x05035','2011-05-30 02:17:49','2015-07-02 12:17:04'),(88,'Shaina','Harris','golda.kautzer@example.com','759-952-2301x9383','2017-12-27 07:34:30','2021-04-29 13:55:31'),(89,'Eula','Roob','macey23@example.net','973.248.0953x454','2019-11-12 14:36:29','2021-04-29 13:55:31'),(90,'Emerald','Beahan','gsmitham@example.org','233.912.0851x317','2015-01-28 22:35:54','2017-01-31 01:05:36'),(91,'Rhea','Kautzer','qrutherford@example.com','293-413-8597','2020-03-12 20:45:32','2021-04-29 13:55:31'),(92,'Annabell','O\'Hara','nico.lemke@example.net','473-447-9341','2020-02-27 17:20:56','2021-04-29 13:55:31'),(93,'Brody','Harber','heathcote.genesis@example.net','1-884-589-6678','2018-01-29 03:31:51','2021-04-29 13:55:31'),(94,'Dexter','Jacobi','adaniel@example.org','+24(5)6746056145','2013-06-04 09:15:27','2017-09-22 09:29:22'),(95,'Lucas','Gutkowski','gzieme@example.com','(066)654-0549','2018-07-29 13:39:59','2021-04-29 13:55:31'),(96,'Rey','Kertzmann','zmueller@example.org','223-616-0492x43706','2015-03-21 03:03:56','2021-04-29 13:55:31'),(97,'Alvis','Kovacek','abby.stanton@example.com','(800)470-3092','2011-08-11 14:50:35','2019-04-17 10:58:53'),(98,'Marco','Wyman','aaliyah81@example.org','06107009563','2016-10-30 15:22:59','2017-07-04 00:28:31'),(99,'Rebecca','Frami','qluettgen@example.net','(556)685-4634x3499','2017-08-01 07:13:46','2019-03-12 08:48:09'),(100,'Neva','Schamberger','ahartmann@example.com','223-800-0331','2014-10-17 05:59:20','2018-05-13 15:34:13');
/*!40000 ALTER TABLE `users` ENABLE KEYS */;
UNLOCK TABLES;

--
-- Dumping routines for database 'vk'
--
/*!40103 SET TIME_ZONE=@OLD_TIME_ZONE */;

/*!40101 SET SQL_MODE=@OLD_SQL_MODE */;
/*!40014 SET FOREIGN_KEY_CHECKS=@OLD_FOREIGN_KEY_CHECKS */;
/*!40014 SET UNIQUE_CHECKS=@OLD_UNIQUE_CHECKS */;
/*!40101 SET CHARACTER_SET_CLIENT=@OLD_CHARACTER_SET_CLIENT */;
/*!40101 SET CHARACTER_SET_RESULTS=@OLD_CHARACTER_SET_RESULTS */;
/*!40101 SET COLLATION_CONNECTION=@OLD_COLLATION_CONNECTION */;
/*!40111 SET SQL_NOTES=@OLD_SQL_NOTES */;

-- Dump completed on 2021-04-29 18:22:54
